branch,marks10th,marks12th,gender,board10th,board12th,category,gpa_1,rank,normalized_rank,cgpa,current_back,ever_back,gpa_2,gpa_3,gpa_4,gpa_5,gpa_6,olympiads_qualified,technical_projects,tech_quiz,engg_coaching,ntse_scholarships,miscellany_tech_events,average_gpa,engagement_score,gpa_cgpa_ratio,academic_performance_index,total_backlogs
civil,0.5564102564102562,0.19647355163727953,male,bseb patna,bseb patna,obc,0.007687844502465915,44718.0,0.5979827351203998,0.04166666666666652,1.0,4.0,0.0054512416717141104,0.017008985879332486,0.007499999999999993,0.00981675392670156,0.299047619047619,1,1,1,1,0,1,0.0028266216365037816,0.42857142857142855,0.02068209803278398,0.026624830388313224,5.0
cse,0.7622377622377625,0.37783375314861467,male,cbse,cbse,gen,0.010298810559907168,24222.0,0.22549750113584732,0.06730769230769229,1.0,7.0,0.0054512416717141104,0.016046213093709877,0.009264705882352939,0.012303664921465965,0.31047619047619057,1,1,0,1,0,1,0.0039646121654858535,0.2571428571428571,0.022384063876379673,0.044895489980798946,8.0
cse,0.802797202797203,0.5340050377833754,male,icse,icse,gen,0.023063533507397732,24723.0,0.23460245343025904,0.24358974358974383,1.0,1.0,0.00893397940642035,0.026636713735558412,0.022205882352941173,0.013089005235602094,0.4057142857142857,1,1,1,0,0,1,0.012517895818802527,0.2857142857142857,0.02719674692062178,0.17100406185019662,2.0
cse,0.27272727272727293,0.07556675062972307,female,cbse,cbse,st,0.009428488540760088,67894.0,1.0,0.0641025641025641,1.0,11.0,0.0036341611144760783,0.0133183568677792,0.0049999999999999906,0.0049738219895287955,0.3219047619047619,1,0,1,1,0,1,0.0,0.19999999999999998,0.021511636612430413,0.04000375367329765,12.0
cse,0.6363636363636365,0.4332493702770781,male,cbse,cbse,gen,0.015085581665216133,23252.0,0.2078691503861882,0.07692307692307687,1.0,0.0,0.004542701393095094,0.016046213093709877,0.01617647058823528,0.005628272251308894,0.16761904761904778,1,0,1,1,0,1,0.0008443155537608549,0.19999999999999998,0.027615532467942003,0.049326927685034334,1.0
ece,0.4825174825174827,0.6347607052896727,male,bseb,cbse,gen,0.01624601102407891,23257.0,0.20796001817355747,0.14743589743589758,1.0,4.0,0.01438522107813446,0.023587933247753518,0.01529411764705882,0.0049738219895287955,0.0,1,0,1,0,1,1,0.0013215373884952614,0.17142857142857143,0.024844182954938926,0.09776167562177848,5.0
ece,0.7016317016317017,0.4080604534005039,female,c.b.s.e,c.b.s.e,sc,0.021467943138961415,67894.0,1.0,0.2564102564102566,1.0,0.0,0.011659600242277413,0.022625160462130936,0.017941176470588224,0.019633507853403134,0.4647619047619047,1,1,1,1,0,1,0.014169817554421607,0.34285714285714286,0.02471881489088698,0.18087824556071547,1.0
ece,0.6596736596736597,0.5340050377833754,male,b.s.e.b,b.s.e.b,gen,0.017986655062373083,23010.0,0.20347114947751027,0.24679487179487203,1.0,0.0,0.027710478497880067,0.023587933247753518,0.021323529411764686,0.00654450261780104,0.17904761904761912,1,1,1,1,1,0,0.00994823978561725,0.22857142857142856,0.021366836526778288,0.1714376287766422,1.0
eee,0.2027972027972027,0.10075566750629728,male,bseb,bseb,obc,0.0010153756890049354,67894.0,1.0,0.03525641025641035,1.0,9.0,0.008328285887340997,0.020057766367137353,0.01705882352941175,0.0024869109947644047,0.27428571428571424,1,1,1,1,1,0,0.00407474028119377,0.22857142857142856,0.012812304149244197,0.023102831623108142,10.0
eee,0.6177156177156178,0.15617128463476093,male,cbse,cbse,obc,0.010443864229765024,67894.0,1.0,0.0737179487179489,1.0,0.0,0.008176862507571173,0.011713735558408211,0.019117647058823517,0.006937172774869105,0.1561904761904762,1,1,1,1,0,1,0.0016152123637164367,0.4857142857142857,0.02218765722995862,0.04766611188402863,1.0
eee,0.8368298368298368,0.5894206549118388,male,c.b.s.e,c.b.s.e,gen,0.011169132579054261,29445.0,0.32041799182189923,0.10897435897435925,1.0,1.0,0.00893397940642035,0.023748395378690626,0.022205882352941173,0.0,0.21523809523809523,1,1,1,1,0,1,0.004515252744025533,0.6571428571428571,0.021043623261949515,0.07369931326884194,2.0
eee,0.8554778554778557,0.21662468513853939,male,cbse,cbse,gen,0.01290977661734842,28051.0,0.2950840527033167,0.12179487179487158,1.0,9.0,0.0036341611144760783,0.0274390243902439,0.017941176470588224,0.0049738219895287955,0.3466666666666667,1,1,1,1,0,1,0.006938071289600209,0.5714285714285714,0.02238378318032573,0.08409946078274348,10.0
it,0.407925407925408,0.08110831234256954,female,cbse,cbse,gen,0.004931824775166807,37593.0,0.4684961381190369,0.22756410256410242,1.0,13.0,0.008176862507571173,0.029204107830551995,0.008823529411764702,0.018324607329842937,0.56,1,1,1,1,1,1,0.014022980066811033,0.7714285714285714,0.007727994605381164,0.1610970455396189,14.0
mech,0.7296037296037297,0.18136020151133514,male,icse,cbse,gen,0.015520742674789673,40107.0,0.5141844616083598,0.1923076923076923,1.0,4.0,0.0063597819503331265,0.02471116816431322,0.02397058823529412,0.013089005235602094,0.4647619047619047,1,1,1,1,1,0,0.013031827025439563,0.4857142857142857,0.021506203809329286,0.13636623071556359,5.0
mech,0.12354312354312347,0.08564231738035288,male,bseb,bseb,obc,0.003481288076588346,50226.0,0.6980826896865063,0.0,1.0,0.0,0.002725620835857062,0.017971758664955068,0.01617647058823528,0.008246073298429316,0.3695238095238096,1,1,1,1,1,0,0.005469696413494346,0.2571428571428571,0.017863601411444635,0.0,1.0
mech,0.4825174825174827,0.44332493702770814,male,bseb,bseb,obc,0.013199883957064118,32906.0,0.3833166742389822,0.34294871794871784,1.0,2.0,0.015142337976983639,0.024550706033376127,0.018823529411764697,0.02133507853403141,0.45333333333333337,1,1,0,0,0,1,0.015931867405748673,0.19999999999999998,0.011402277381343182,0.24112349785837517,3.0
mech,0.5897435897435899,0.4130982367758189,male,i.c.s.e,i.s.c,gen,0.009428488540760088,17835.0,0.10942298955020446,0.21794871794871828,1.0,5.0,0.011659600242277413,0.026636713735558412,0.02573529411764705,0.02212041884816754,0.4285714285714284,1,0,1,1,0,0,0.017033148562828074,0.08571428571428572,0.013255427206679132,0.15659047014918623,6.0
civil,0.4172494172494172,0.35264483627204024,male,bseb patna,bseb patna,gen,0.011169132579054261,40690.0,0.5247796456156293,0.15384615384615397,0.0,7.0,0.0054512416717141104,0.035943517329910135,0.026470588235294107,0.008246073298429316,0.20285714285714285,1,1,0,1,0,1,0.009599500752542109,0.3142857142857143,0.01857034426265948,0.10778308424307338,7.0
civil,0.20512820512820507,0.256926952141058,male,up board,up board,obc,0.0137800986364955,35787.0,0.43567469332121767,0.3397435897435901,0.0,5.0,0.017867958812840715,0.031129653401797172,0.02735294117647058,0.023691099476439784,0.500952380952381,1,0,1,1,0,0,0.021805366910172153,0.08571428571428572,0.012169361860209046,0.2429440615178569,5.0
civil,0.6909090909090911,0.4282115869017633,male,isce,cbse,obc,0.023063533507397732,41598.0,0.5412812358019082,0.3846153846153848,0.0,0.0,0.018776499091459717,0.03305519897304236,0.030882352941176458,0.02212041884816754,0.5485714285714287,1,1,1,1,1,1,0.02382438236481771,0.6,0.019830528385228266,0.27493650022625604,0.0
civil,0.5531468531468533,0.48362720403022674,male,bihar board,cbse,gen,0.011169132579054261,22373.0,0.19189459336665154,0.24679487179487203,0.0,4.0,0.00015142337976982445,0.01893453145057765,0.024852941176470578,0.023691099476439784,0.6190476190476188,0,0,0,0,0,0,0.016372379868580436,0.0,0.013777406077699936,0.17582066047150033,4.0
civil,0.3999999999999999,0.17304785894206565,male,bseb,bseb,sc,0.017116333043226004,67894.0,1.0,0.41666666666666674,0.0,0.0,0.010751059963658383,0.028401797175866494,0.03691176470588235,0.03115183246073297,0.6076190476190475,1,1,1,1,1,0,0.025990235307073867,0.37142857142857144,0.012148728656860494,0.2982820040986966,0.0
civil,0.8135198135198136,0.37783375314861467,male,c.b.s.e.,c.b.s.e,obc,0.007687844502465915,59417.0,0.8651158564288961,0.262820512820513,0.0,0.0,0.011659600242277413,0.02182284980744545,0.03352941176470586,0.022905759162303654,0.47619047619047605,0,0,0,0,0,1,0.019015454645570973,0.14285714285714285,0.009146229119585472,0.18855786296218616,0.0
civil,0.7482517482517483,0.08312342569269537,male,cbse,cbse,obc,0.011024078909196391,37323.0,0.4635892776010905,0.17628205128205132,0.0,5.0,0.013476680799515445,0.018774069319640554,0.02573529411764705,0.01387434554973821,0.299047619047619,0,0,0,0,0,1,0.010865974083183405,0.14285714285714285,0.01720698244985644,0.12395462486506723,5.0
civil,0.3100233100233101,0.1057934508816123,male,bseb patna,bseb patna,sc,0.0042065564258775695,67894.0,1.0,0.2403846153846152,0.0,8.0,0.00893397940642035,0.020699614890885745,0.02573529411764705,0.02866492146596858,0.45333333333333337,1,0,1,0,1,0,0.017326823538049263,0.05714285714285714,0.006320314121494641,0.1720982945431013,8.0
civil,0.7202797202797202,0.5440806045340052,male,cbse,cbse,gen,0.020597621119814336,25038.0,0.24032712403452977,0.5224358974358971,0.0,1.0,0.017867958812840715,0.03963414634146341,0.03779411764705881,0.03678010471204188,0.6438095238095238,1,1,1,1,0,1,0.032781469109063516,0.4857142857142857,0.011031864046122691,0.3750792216923782,1.0
civil,0.7995337995337994,0.6221662468513853,male,icse,isc,obc,0.021467943138961415,58606.0,0.8503771013175829,0.29166666666666674,0.0,2.0,0.0054512416717141104,0.02086007702182284,0.03441176470588235,0.02539267015706806,0.39428571428571435,1,1,1,1,0,1,0.016629345471898954,0.5714285714285714,0.02283886402788364,0.2066108962007384,2.0
civil,0.8850815850815854,0.34760705289672544,male,c.b.s.e,c.b.s.e,obc,0.019727299100667256,35544.0,0.43125851885506594,0.3974358974358976,0.0,0.0,0.010751059963658383,0.031129653401797172,0.029117647058823512,0.02617801047120419,0.6552380952380952,1,1,1,1,0,1,0.0241914760838442,0.5714285714285714,0.015736391909689826,0.28393407759780326,0.0
civil,0.7202797202797202,0.7355163727959699,female,icse,i sc,gen,0.033362344067304914,25134.0,0.2420717855520219,0.6057692307692311,0.0,1.0,0.016959418534221685,0.042522464698331194,0.04647058823529411,0.03520942408376962,0.6552380952380952,1,1,1,1,0,1,0.03516757828273556,0.39999999999999997,0.019771134574001814,0.4335634746074358,1.0
civil,0.37995337995337986,0.35768261964735526,male,cbse,cbse,gen,0.0137800986364955,37300.0,0.4631712857791913,0.29807692307692313,0.0,1.0,0.019685039370078733,0.02086007702182284,0.03044117647058822,0.01649214659685863,0.5238095238095237,1,1,1,1,0,0,0.019088873389376287,0.34285714285714286,0.014145753874954356,0.2126625304012617,1.0
civil,0.9254079254079257,0.15617128463476093,male,c.b.s.e.,c.b.s.e.,gen,0.01290977661734842,36857.0,0.45512039981826446,0.2692307692307694,0.0,2.0,0.009842519685039366,0.02551347881899871,0.028235294117647053,0.02041884816753925,0.45333333333333337,0,0,0,0,0,0,0.01695972981902276,0.0,0.014599885865934234,0.19152885202860923,2.0
civil,0.49184149184149173,0.4735516372795969,male,bseb,bseb,gen,0.03162170002901074,29807.0,0.3269968196274422,0.6923076923076927,0.0,0.0,0.02498485766202302,0.03690629011553273,0.04132352941176469,0.04659685863874345,0.8685714285714283,1,1,1,1,0,0,0.04184868396901728,0.2571428571428571,0.014434534314672037,0.4971648768885871,0.0
civil,0.0,0.0,male,b.s.e.b patna,nios board,sc,0.009428488540760088,67894.0,1.0,0.21474358974358965,0.0,4.0,0.0036341611144760783,0.015083440308087295,0.02308823529411763,0.02133507853403141,0.5371428571428571,1,0,1,1,1,0,0.013655886347784557,0.2857142857142857,0.013415126843205907,0.15209946816807166,4.0
civil,0.9160839160839163,0.5843828715365242,male,i.c.s.e,c.b.s.e,gen,0.017116333043226004,31665.0,0.3607632894139028,0.23589743589743617,0.0,2.0,0.0054512416717141104,0.02551347881899871,0.021323529411764686,0.022905759162303654,0.4285714285714284,1,0,1,1,1,0,0.014390073785837496,0.2857142857142857,0.020972146820456727,0.16703313146502208,2.0
civil,0.5937062937062938,0.619647355163728,male,icse,cbse,gen,0.029010733971569475,55832.0,0.7999636528850524,0.8365384615384615,0.0,0.0,0.028619018776499097,0.048138639281129644,0.059411764705882344,0.05078534031413613,0.9180952380952381,1,0,1,1,1,0,0.051943761242245146,0.2857142857142857,0.006545844114432056,0.6024575803208618,0.0
cse,0.6363636363636365,0.33249370277078105,male,cbse,cbse,gen,0.01537568900493183,46717.0,0.6343116765106771,0.29807692307692313,0.0,9.0,0.008025439127801334,0.024550706033376127,0.01970588235294117,0.022905759162303654,0.5847619047619046,1,0,1,1,1,0,0.01740024228185455,0.2857142857142857,0.015880393020304598,0.21151041921289904,9.0
cse,0.9121212121212121,0.6448362720403027,male,cbse,cbse,obc,0.03756890049318247,67894.0,1.0,0.7339743589743588,0.0,0.0,0.03664445790430042,0.048138639281129644,0.038676470588235284,0.03848167539267014,0.798095238095238,1,1,1,1,0,0,0.042949965126096695,0.2571428571428571,0.018142220752619967,0.5263443886076175,0.0
cse,0.6923076923076925,0.15617128463476093,male,cbse,cbse,gen,0.008558166521612995,18985.0,0.13032258064516133,0.20192307692307687,0.0,8.0,0.0063597819503331265,0.02086007702182284,0.019558823529411767,0.012303664921465965,0.38095238095238093,1,1,1,1,0,0,0.009214052347564311,0.2571428571428571,0.013069181229824006,0.1403217964072144,8.0
cse,0.7668997668997668,0.5289672544080606,male,cbse,bseb,gen,0.010298810559907168,25716.0,0.2526487960018174,0.22115384615384648,0.0,8.0,0.00893397940642035,0.01989730423620026,0.01970588235294117,0.012303664921465965,0.5123809523809524,1,1,1,1,0,0,0.012187511471678722,0.6,0.01407683732455281,0.1554711915608821,8.0
cse,0.6317016317016317,0.19647355163727953,male,icse,cbse,gen,0.014505366985784737,40842.0,0.5275420263516584,0.19551282051282048,0.0,7.0,0.008025439127801334,0.022946084724005125,0.02735294117647058,0.0119109947643979,0.3695238095238096,1,1,1,1,0,0,0.011710289636944274,0.34285714285714286,0.020174236546415245,0.1376513580855816,7.0
cse,0.8228438228438231,0.6599496221662469,female,cbse,cbse,obc,0.03249202204815782,33700.0,0.39774647887323955,0.6634615384615385,0.0,0.0,0.027710478497880067,0.04717586649550705,0.03779411764705881,0.03599476439790575,0.7866666666666664,1,1,1,1,0,0,0.03942586542344259,0.34285714285714286,0.016443502750847175,0.47583083135274085,0.0
cse,0.28671328671328666,0.11410579345088179,male,icse,bseb,obc,0.03423266608645198,48292.0,0.662935029532031,0.6314102564102566,0.0,0.0,0.029527559055118113,0.03498074454428754,0.038676470588235284,0.03272251308900523,0.798095238095238,1,1,1,1,0,0,0.03659924378693877,0.39999999999999997,0.01945947635335829,0.4520345013631149,0.0
cse,0.6037296037296036,0.6599496221662469,male,uttar pradesh board,cbse,gen,0.021467943138961415,32024.0,0.36728759654702414,0.24358974358974383,0.0,3.0,0.020593579648697763,0.026797175866495507,0.023235294117647062,0.01060209424083769,0.31047619047619057,1,1,1,1,1,0,0.013105245769244864,0.2571428571428571,0.025417830199489344,0.17140479617658366,3.0
cse,0.8694638694638694,0.6347607052896727,male,cbse,cbse,gen,0.019727299100667256,26102.0,0.25966378918673333,0.20833333333333326,0.0,2.0,0.00893397940642035,0.017971758664955068,0.018823529411764697,0.016361256544502614,0.4285714285714284,1,1,1,1,0,0,0.011049520942696678,0.5142857142857142,0.02541091699085761,0.14594765038595156,2.0
cse,0.9361305361305363,0.9075566750629724,male,icse,isc,gen,0.041050188569770815,17565.0,0.10451612903225804,0.7211538461538465,0.0,0.0,0.03210175651120532,0.03690629011553273,0.04044117647058823,0.04005235602094241,0.8457142857142856,1,1,1,1,0,0,0.041077787159061685,0.5142857142857142,0.021852853310268414,0.5163199295247037,0.0
cse,0.9580419580419579,0.8564231738035264,male,cbse,cbse,gen,0.025674499564839,20988.0,0.1667242162653339,0.4711538461538465,0.0,0.0,0.018776499091459717,0.02936456996148909,0.03352941176470586,0.03599476439790575,0.56,1,1,1,1,0,0,0.02775228515840092,0.2571428571428571,0.018376330559531265,0.33665946035246813,0.0
cse,0.990675990675991,0.7254408060453399,male,cbse,cbse,gen,0.021467943138961415,28856.0,0.30971376646978654,0.5224358974358971,0.0,0.0,0.020593579648697763,0.040596919127086004,0.03176470588235293,0.03272251308900523,0.7142857142857144,1,1,0,1,1,0,0.03237766601813441,0.3142857142857143,0.011890073779026886,0.3748037168429871,0.0
cse,0.5151515151515151,0.39118387909319896,female,cbse,state,st,0.010298810559907168,67894.0,1.0,0.3237179487179491,0.0,9.0,0.011659600242277413,0.03401797175866496,0.01705882352941175,0.02212041884816754,0.6419047619047618,0,0,0,0,0,0,0.020667376381190095,0.0,0.009179861518314278,0.23123374073853786,9.0
cse,0.9627039627039626,0.5793450881612092,male,icse,cbse,gen,0.033362344067304914,23949.0,0.2205361199454794,0.8301282051282055,0.0,0.0,0.041944276196244704,0.05198973042362,0.04044117647058823,0.04908376963350784,0.9047619047619047,0,0,0,0,0,0,0.05058551448184717,0.0,0.010583047648702854,0.5971573229823145,0.0
cse,0.7529137529137531,0.8362720403022672,female,icse,cbse,gen,0.025674499564839,28384.0,0.3011358473421172,0.5224358974358971,0.0,0.0,0.018776499091459717,0.04043645699614891,0.029411764705882346,0.03272251308900523,0.7142857142857144,1,1,1,1,0,0,0.03131309423295767,0.34285714285714286,0.016038087488063735,0.3740773858764106,0.0
cse,0.9766899766899768,0.5994962216624684,female,cbse,cbse,gen,0.036698578474035376,26005.0,0.2579009541117674,0.9230769230769231,0.0,0.0,0.04012719563900667,0.06514762516046212,0.05161764705882352,0.0475130890052356,0.9409523809523808,1,1,1,0,1,0,0.05620204838295215,0.34285714285714286,0.010027198248320865,0.6644059535056667,0.0
cse,0.9720279720279721,0.6297229219143576,female,cbse,cbse,gen,0.041050188569770815,52657.0,0.7422626079054976,0.8942307692307689,0.0,0.0,0.03119321623258632,0.06225930680359433,0.05161764705882352,0.04581151832460732,0.9409523809523808,1,1,1,0,1,0,0.05289820491171393,0.34285714285714286,0.014798670670118086,0.6424708064802398,0.0
cse,0.8414918414918415,0.37783375314861467,female,cbse,cbse,gen,0.03162170002901074,28764.0,0.30804179918219,0.528846153846154,0.0,0.0,0.03028467595396729,0.03305519897304236,0.03176470588235293,0.02945026178010471,0.6552380952380952,0,0,0,0,1,0,0.030946000513931177,0.0,0.021601673630712026,0.37820048613119667,0.0
cse,0.8554778554778557,0.4120906801007558,male,cbse,cbse,gen,0.012184508268059183,40000.0,0.5122398909586553,0.19551282051282048,0.0,9.0,0.010902483343428235,0.017971758664955068,0.020735294117647046,0.014725130890052354,0.45333333333333337,1,1,1,1,1,0,0.012022319298116771,0.2857142857142857,0.01752710114907026,0.1378642481964747,9.0
cse,1.0,0.6448362720403027,female,c.b.s.e.,c.b.s.e.,obc,0.03843922251232956,46737.0,0.6346751476601545,0.6602564102564104,0.0,0.0,0.03301029678982435,0.03498074454428754,0.03779411764705881,0.030235602094240824,0.8571428571428572,1,1,1,1,0,0,0.03766381557211554,0.34285714285714286,0.02212695616466713,0.4724418487691909,0.0
cse,0.8321678321678325,0.6700251889168769,female,cbse,cbse,obc,0.02828546562228025,67894.0,1.0,0.653846153846154,0.0,0.0,0.028619018776499097,0.03963414634146341,0.03352941176470586,0.04096858638743456,0.8819047619047617,1,1,0,1,0,0,0.04008663411769023,0.08571428571428572,0.012918160039665866,0.4697213186567597,0.0
cse,0.9160839160839163,0.33249370277078105,male,cbse,cbse,gen,0.007832898172323757,29203.0,0.3160199909132212,0.0737179487179489,0.0,3.0,0.0,0.023587933247753518,0.01617647058823528,0.00981675392670156,0.2857142857142856,1,1,1,1,0,0,0.004919055834954639,0.34285714285714286,0.019025021362698374,0.049920242469955675,3.0
cse,0.8974358974358978,0.49874055415617113,male,cbse,cbse,gen,0.01624601102407891,25768.0,0.253593820990459,0.20833333333333326,0.0,1.0,0.010751059963658383,0.020699614890885745,0.022794117647058812,0.016361256544502614,0.4057142857142857,1,1,1,0,1,0,0.012664733306413115,0.19999999999999998,0.021464462463365447,0.14704966978351589,1.0
cse,0.7645687645687649,0.9017632241813602,male,"board of secondary education,andhra pradesh","board of intermediate education,andhra pradesh",gen,0.01290977661734842,19925.0,0.1474057246706043,0.3589743589743588,0.0,0.0,0.01438522107813446,0.030166880616174577,0.02397058823529412,0.02460732984293193,0.6552380952380952,1,1,1,1,0,0,0.0231269042986674,0.17142857142857143,0.01036131128472964,0.2569663913785604,0.0
cse,0.9393939393939394,0.8614609571788414,female,icse,isc,gen,0.04279083260806499,36742.0,0.45303044070876874,0.9807692307692306,0.0,0.0,0.04724409448818899,0.0680359435173299,0.05161764705882352,0.04829842931937171,0.9523809523809523,1,1,1,1,0,0,0.05902867001945594,0.42857142857142855,0.013032916687855195,0.7056965203304033,0.0
cse,0.7529137529137531,0.8362720403022672,male,rajasthan board,central board,gen,0.03423266608645198,27592.0,0.28674238982280786,0.628205128205128,0.0,0.0,0.029527559055118113,0.03770860077021823,0.03779411764705881,0.03599476439790575,0.7142857142857144,1,1,1,1,0,0,0.03630556881171762,0.19999999999999998,0.019600858936494145,0.44964735459553223,0.0
cse,0.8834498834498836,0.7858942065491183,female,cbse,cbse,gen,0.041050188569770815,25422.0,0.24730577010449795,0.8621794871794874,0.0,0.0,0.043761356753482736,0.06322207958921695,0.04382352941176469,0.04502617801047119,0.8219047619047619,1,0,1,1,0,0,0.05170515032487791,0.2571428571428571,0.016038087488063707,0.6197890188358781,0.0
cse,0.7645687645687649,0.6221662468513853,male,cbse,cbse,gen,0.025674499564839,45479.0,0.6118128123580191,0.4935897435897434,0.0,0.0,0.026801938219261065,0.03209242618741977,0.02397058823529412,0.028141361256544498,0.6314285714285715,1,1,1,1,1,0,0.02710987115010463,0.5714285714285714,0.017340974441444446,0.3515286144137039,0.0
cse,0.8461538461538463,0.7355163727959699,male,icse,icse,gen,0.010733971569480708,23007.0,0.20341662880508865,0.04166666666666652,0.0,10.0,0.006662628709872803,0.021181001283697043,0.0,0.009162303664921462,0.2857142857142856,1,1,1,1,0,0,0.0017620498513270244,0.42857142857142855,0.024433029626596506,0.025898499421736727,10.0
cse,0.850815850815851,0.3929471032745595,male,cbse,cbse,gen,0.018856977081520163,24066.0,0.22266242616992282,0.29166666666666674,0.0,0.0,0.009842519685039366,0.01893453145057765,0.02308823529411763,0.02041884816753925,0.6076190476190475,1,1,1,1,1,0,0.017143276678536018,0.22857142857142856,0.019992027336796225,0.206961538736327,0.0
cse,0.8414918414918415,0.6851385390428211,male,c.b.s.e.,c.b.s.e.,gen,0.017116333043226004,18436.0,0.12034529759200369,0.32692307692307687,0.0,0.0,0.013476680799515445,0.023587933247753518,0.02308823529411763,0.02787958115183245,0.5466666666666666,1,0,1,1,0,0,0.020006607686942457,0.34285714285714286,0.016349374544362777,0.232969694225741,0.0
cse,0.49650349650349646,0.33249370277078105,female,cbse,bhopal,gen,0.0008703220191470934,21000.0,0.16694229895502044,0.19551282051282048,0.0,12.0,0.004542701393095094,0.0,0.0014705882352941124,0.013089005235602094,0.5123809523809524,1,1,0,1,0,0,0.002239271686061431,0.08571428571428572,0.004622316087013509,0.13118951707259074,12.0
cse,0.8088578088578089,0.7052896725440807,male,central board of secondary education,central board of secondary education,gen,0.02741514360313317,52153.0,0.7331031349386643,0.5641025641025641,0.0,2.0,0.028619018776499097,0.03867137355584081,0.03,0.03272251308900523,0.739047619047619,1,1,1,1,0,0,0.033919459638045574,0.42857142857142855,0.015897480018769367,0.4042837793068082,2.0
cse,0.46853146853146854,0.6448362720403027,male,cbse,cbse,obc,0.008558166521612995,48669.0,0.6697864606996821,0.17948717948717952,0.0,4.0,0.010751059963658383,0.024550706033376127,0.018823529411764697,0.01806282722513089,0.6323809523809523,1,1,0,1,0,0,0.01740024228185455,0.08571428571428572,0.014204095945843556,0.1305995738505118,4.0
cse,0.9067599067599068,0.8866498740554156,female,cbse,cbse,gen,0.033362344067304914,32430.0,0.3746660608814175,0.7339743589743588,0.0,0.0,0.02150211992731678,0.046213093709884454,0.04382352941176469,0.04424083769633508,0.8933333333333333,1,1,1,1,0,0,0.04357402444844169,0.19999999999999998,0.014328479210611755,0.5267701688294036,0.0
cse,0.8771561771561771,0.740554156171285,male,cbse,cbse,obc,0.029010733971569475,48830.0,0.6727124034529759,0.6314102564102566,0.0,0.0,0.03210175651120532,0.044448010269576385,0.04294117647058823,0.03193717277486911,0.6800000000000002,1,1,1,1,0,0,0.037957490547336714,0.34285714285714286,0.014532676387334076,0.45296119949288494,0.0
cse,0.4265734265734267,0.14105793450881632,male,cbse,nios,obc,0.0043516100957354115,67894.0,1.0,0.054487179487179516,0.0,10.0,0.0009085402786190161,0.022625160462130936,0.01617647058823528,0.0007853403141361154,0.3933333333333333,1,1,1,1,1,0,0.004460188686171554,0.3142857142857143,0.015860648737685668,0.036486491151132644,10.0
cse,0.8414918414918415,0.7959697732997484,female,cbse,cbse,gen,0.02581955323469684,22356.0,0.19158564288959568,0.5480769230769231,0.0,1.0,0.020593579648697763,0.046213093709884454,0.036029411764705865,0.03691099476439791,0.798095238095238,0,0,0,0,0,0,0.03751697808450494,0.0,0.015047368368015998,0.3958043790339846,1.0
cse,0.7685314685314686,0.6725440806045342,male,cbse,cbse,gen,0.02741514360313317,19009.0,0.1307587460245343,0.3589743589743588,0.0,0.0,0.013476680799515445,0.023587933247753518,0.02308823529411763,0.03193717277486911,0.5485714285714287,1,1,1,1,1,0,0.02118130758782716,0.39999999999999997,0.02570394967211906,0.2556389589224034,0.0
cse,0.6689976689976691,0.5743073047858942,female,cbse board,cbse board,sc,0.0137800986364955,67894.0,1.0,0.4294871794871795,0.0,0.0,0.012568140520896429,0.023587933247753518,0.026617647058823524,0.02460732984293193,0.8323809523809522,1,1,1,1,0,0,0.025256047869020914,0.42857142857142855,0.008153581910146424,0.3065282046082681,0.0
cse,0.9160839160839163,0.7858942065491183,female,cbse,cbse,gen,0.03423266608645198,33982.0,0.40287142208087234,0.6891025641025637,0.0,0.0,0.03119321623258632,0.03963414634146341,0.04132352941176469,0.03520942408376962,0.7733333333333332,1,1,1,1,1,0,0.03894864358870817,0.45714285714285713,0.016974655500928693,0.49299947154766177,0.0
cse,0.6363636363636365,0.4181360201511337,male,c.b.s.e,c.b.s.e,gen,0.018856977081520163,22018.0,0.18544298046342572,0.3589743589743588,0.0,0.0,0.020593579648697763,0.03401797175866496,0.026617647058823524,0.011518324607329836,0.6190476190476188,1,1,1,1,0,0,0.021805366910172153,0.6857142857142857,0.016651793023559278,0.25606473914418965,0.0
ece,0.8993006993006993,0.9035264483627203,male,icse,isc,gen,0.03162170002901074,29181.0,0.31562017264879616,0.6153846153846152,0.0,0.0,0.028619018776499097,0.04717586649550705,0.04470588235294118,0.02866492146596858,0.6323809523809523,1,1,1,1,1,0,0.03634227818362029,0.3142857142857143,0.01769085456959016,0.44092528207337606,0.0
ece,0.8228438228438231,0.5088161209068012,male,icse,cbse,gen,0.020597621119814336,26086.0,0.25937301226715137,0.2660256410256412,0.0,0.0,0.02498485766202302,0.02551347881899871,0.018823529411764697,0.013089005235602094,0.35809523809523824,1,1,1,1,0,0,0.014390073785837496,0.17142857142857143,0.02323978060333312,0.18758885974627712,0.0
ece,0.557109557109557,0.3929471032745595,male,b.s.e.b,b.s.e.b,gen,0.026544821583986078,25865.0,0.2553566560654249,0.4147435897435898,0.0,0.0,0.02498485766202302,0.03963414634146341,0.02735294117647058,0.01714659685863873,0.500952380952381,1,1,1,0,1,0,0.023640835505304464,0.17142857142857143,0.021966820780511792,0.29536699903051516,0.0
ece,0.9580419580419579,0.9017632241813602,female,cbse,cbse,gen,0.04873803307223673,19850.0,0.14604270786006363,0.9999999999999998,0.0,0.0,0.04996971532404605,0.06611039794608471,0.06294117647058821,0.04829842931937171,0.8457142857142856,1,1,1,1,0,0,0.060019823060827426,0.42857142857142855,0.01723215978827959,0.7194934371325143,0.0
ece,0.9114219114219115,0.8362720403022672,male,c.b.s.e,c.b.s.e,gen,0.03423266608645198,15535.0,0.06762380736029078,0.5833333333333333,0.0,0.0,0.025893397940642035,0.03867137355584081,0.04470588235294118,0.02931937172774869,0.5485714285714287,1,1,1,1,0,0,0.032304247274329095,0.34285714285714286,0.021618674093217785,0.4163024375355769,0.0
ece,0.8834498834498836,0.6700251889168769,male,cbse,cbse,gen,0.029881055990716568,24202.0,0.2251340299863699,0.40384615384615397,0.0,0.0,0.009842519685039366,0.030166880616174577,0.03,0.02866492146596858,0.5238095238095237,1,1,1,1,0,0,0.02213575125729597,0.5142857142857142,0.025966231646786145,0.2869050666642263,0.0
ece,0.8741258741258742,0.7153652392947103,male,cbse,cbse,gen,0.026544821583986078,25129.0,0.24198091776465247,0.4262820512820513,0.0,0.0,0.023167777104784987,0.03209242618741977,0.032647058823529404,0.02539267015706806,0.5238095238095237,1,1,1,1,0,0,0.025549722844242118,0.17142857142857143,0.021401008059655766,0.3045417921670728,0.0
ece,0.8787878787878789,0.4483627204030227,male,cbse,cbse,gen,0.014505366985784737,34089.0,0.404815992730577,0.0737179487179489,0.0,5.0,0.005148394912174434,0.01941591784338896,0.015441176470588236,0.0005235602094240815,0.2628571428571429,1,1,1,1,1,0,0.001982306082742913,0.3142857142857143,0.027107313023474564,0.047916570838020534,5.0
ece,0.9393939393939394,0.7204030226700253,female,cbse,cbse,gen,0.039309544531476656,27242.0,0.2803816447069514,0.8814102564102566,0.0,0.0,0.044669897032101766,0.05664313222079588,0.05338235294117645,0.04502617801047119,0.7619047619047619,1,1,1,1,0,0,0.05165008626702394,0.42857142857142855,0.0137968206827105,0.6328721276191123,0.0
ece,0.46853146853146854,0.31738035264483644,male,bseb,cbse,gen,0.02741514360313317,22120.0,0.18729668332576105,0.5160256410256412,0.0,0.0,0.018776499091459717,0.03498074454428754,0.03176470588235293,0.03599476439790575,0.6438095238095238,1,1,0,1,1,0,0.030211813075878224,0.14285714285714285,0.018045909726029943,0.3689524498056575,0.0
ece,0.44988344988344986,0.1057934508816123,male,bihar school examination board patna,nios board,gen,0.0137800986364955,26534.0,0.2675147660154476,0.14743589743589758,0.0,0.0,0.012568140520896429,0.02182284980744545,0.018823529411764697,0.014790575916230356,0.2266666666666668,1,1,1,1,1,0,0.008479864909511373,0.6,0.02196526712922972,0.1026456252246204,0.0
ece,0.9487179487179489,0.7858942065491183,female,cbse,cbse,gen,0.039309544531476656,23388.0,0.2103407542026352,0.8397435897435896,0.0,0.0,0.042852816474863706,0.05471758664955069,0.04735294117647057,0.04659685863874345,0.822857142857143,1,1,1,1,0,0,0.0508791894570684,0.5142857142857142,0.015406014005202959,0.6039180289586742,0.0
ece,0.6144522144522147,0.6110831234256928,male,b.s.e.b.patna,b.s.e.b.patna,gen,0.033362344067304914,32560.0,0.37702862335302134,0.8782051282051284,0.0,0.0,0.03119321623258632,0.05471758664955069,0.05338235294117645,0.04986910994764397,1.0,1,1,1,1,0,0,0.053889357953085415,0.2571428571428571,0.008807869148006436,0.6322131476340741,0.0
ece,0.8298368298368297,0.904282115869018,male,board of secondary education,board of intermediate education andhra pradesh,gen,0.016391064693936752,13556.0,0.03165833711949115,0.34935897435897467,0.0,0.0,0.008025439127801334,0.023106546854942234,0.023823529411764688,0.03599476439790575,0.5847619047619046,1,1,1,1,0,0,0.02176865753826951,0.2571428571428571,0.014497238825982528,0.24947935443562425,0.0
ece,0.9020979020979025,0.7355163727959699,female,cbse,cbse,gen,0.039309544531476656,17523.0,0.1037528396183553,0.7147435897435896,0.0,0.0,0.0357359176256814,0.04717586649550705,0.04647058823529411,0.034424083769633504,0.6914285714285713,1,1,1,1,0,0,0.04126133401857493,0.2571428571428571,0.02054236907515118,0.5120715997929216,0.0
ece,0.9393939393939394,0.6851385390428211,male,cbse,cbse,gen,0.016536118363794608,22494.0,0.1940935938209905,0.19551282051282048,0.0,2.0,0.002119927316777709,0.02278562259306803,0.021323529411764686,0.020942408376963345,0.2857142857142856,1,1,1,1,0,0,0.009654564810396074,0.2571428571428571,0.022490480019092096,0.136248787943227,2.0
ece,0.7895104895104894,0.5894206549118388,male,icse,cbse,gen,0.005221932114882505,30296.0,0.33588368923216727,0.22756410256410242,0.0,0.0,0.0036341611144760783,0.01989730423620026,0.029117647058823512,0.019633507853403134,0.56,1,1,1,1,0,0,0.01622554238096985,0.42857142857142855,0.00805388060078048,0.16259979926357027,0.0
ece,0.8461538461538463,1.0000000000000002,male,maharashtra state board of secondary education,intermediate board of education- andhra pradesh,gen,0.036698578474035376,22578.0,0.19562017264879605,0.6826923076923077,0.0,0.0,0.03028467595396729,0.046213093709884454,0.04132352941176469,0.04005235602094241,0.48952380952380947,1,1,1,1,0,0,0.0361220219522044,0.17142857142857143,0.019525432890886013,0.4866973783931468,0.0
ece,0.9347319347319347,0.6045340050377834,male,cbse,cbse,gen,0.02741514360313317,30324.0,0.33639254884143577,0.41346153846153855,0.0,0.0,0.022410660205935795,0.028401797175866494,0.03,0.02539267015706806,0.500952380952381,0,0,0,0,0,0,0.023420579273888603,0.0,0.02292883128229986,0.2943420118163645,0.0
ece,0.3939393939393938,0.49874055415617113,male,"bihar school examination board, patna","bihar school examination board, patna",obc,0.029881055990716568,45548.0,0.6130667878237166,0.5705128205128205,0.0,0.0,0.02407631738340399,0.048138639281129644,0.03441176470588235,0.030235602094240824,0.6438095238095238,1,1,1,1,0,0,0.03355236591901911,0.42857142857142855,0.01800146574419996,0.408406879561594,0.0
ece,0.9627039627039626,0.6498740554156173,female,icse,cbse,gen,0.02741514360313317,29045.0,0.3131485688323489,0.6762820512820513,0.0,0.0,0.03028467595396729,0.03963414634146341,0.04558823529411764,0.03926701570680627,0.7504761904761903,1,1,1,1,1,0,0.040490437208619334,0.2571428571428571,0.011197398882244677,0.48530428073687265,0.0
ece,0.8787878787878789,0.7808564231738033,male,cbse,"boar of intermediate education, a.p.",gen,0.035973310124746166,15349.0,0.06424352567014996,0.7724358974358976,0.0,0.0,0.037855844942459124,0.05391527599486522,0.052500000000000005,0.03599476439790575,0.739047619047619,1,1,1,1,1,1,0.04618038985352957,0.45714285714285713,0.015130822445516987,0.5547897826554123,0.0
ece,0.8741258741258742,0.5642317380352646,male,cbse,cbse,gen,0.03423266608645198,22640.0,0.1967469332121763,0.3846153846153848,0.0,1.0,0.03831011508176861,0.03305519897304236,0.024852941176470578,0.0040575916230366355,0.40380952380952384,1,1,1,1,0,1,0.019199001505084218,0.6571428571428571,0.031511246348495156,0.27178071740595816,1.0
ece,0.8181818181818183,0.6851385390428211,male,cbse,cbse,gen,0.029010733971569475,23000.0,0.20328941390277144,0.5615384615384615,0.0,0.0,0.03119321623258632,0.040596919127086004,0.03955882352941176,0.02787958115183245,0.6076190476190475,1,1,1,1,0,1,0.033478947175213825,0.3142857142857143,0.017558235778678336,0.40223380487850685,0.0
ece,0.7925407925407928,0.8916876574307306,male,board of secondary education,board of intermediate education andhra pradesh,gen,0.03510298810559907,15206.0,0.06164470695138574,0.7307692307692306,0.0,0.0,0.03755299818291945,0.046213093709884454,0.04911764705882353,0.03848167539267014,0.5123809523809524,1,1,1,1,0,1,0.0398296685143717,0.6285714285714286,0.016038087488063707,0.5220287078942975,0.0
ece,0.337995337995338,0.11586901763224189,male,state board,state board,gen,0.009428488540760088,25769.0,0.25361199454793265,0.2051282051282055,0.0,2.0,0.009842519685039366,0.024550706033376127,0.014441176470588221,0.015575916230366499,0.4057142857142857,1,1,1,1,0,1,0.011020153445174541,0.6285714285714286,0.013897156021346349,0.14374083406524368,2.0
ece,0.7995337995337994,0.8564231738035264,female,state board of andhra pradesh,state board of andhra pradesh,gen,0.022193211488250653,20280.0,0.15385733757383008,0.38782051282051255,0.0,0.0,0.018776499091459717,0.0274390243902439,0.03,0.014790575916230356,0.5371428571428571,1,1,1,1,1,1,0.0200433170588451,0.6571428571428571,0.01876480448754407,0.27454355260452806,0.0
ece,0.3473193473193472,0.33249370277078105,female,b.s.e.b(patna),b.s.e.b(h.s.patna),obc,0.006962576153176678,33190.0,0.3884779645615629,0.10993589743589749,0.0,5.0,0.018776499091459717,0.01636713735558408,0.01617647058823528,0.01060209424083769,0.299047619047619,1,0,1,1,1,1,0.008296318049998128,0.2571428571428571,0.015986330966449358,0.07693507437627493,5.0
ece,0.37529137529137513,0.2871536523929472,male,cbse,cbse,sc,0.007687844502465915,67894.0,1.0,0.2051282051282055,0.0,0.0,0.016959418534221685,0.022625160462130936,0.018823529411764697,0.011518324607329836,0.500952380952381,1,1,1,1,0,1,0.014096398810616348,0.39999999999999997,0.011920911590530311,0.14583968009969575,0.0
ece,0.3426573426573427,0.22670025188916876,male,bseb,cbse,gen,0.030751378009863647,23040.0,0.20401635620172648,0.5352564102564104,0.0,0.0,0.023167777104784987,0.040596919127086004,0.03691176470588235,0.030235602094240824,0.5961904761904762,1,1,0,1,0,1,0.03131309423295767,0.22857142857142856,0.020448741339931187,0.38282450429396625,0.0
ece,0.44988344988344986,0.37279596977329965,male,b.s.e.b,b.s.e.b,obc,0.01537568900493183,40092.0,0.5139118582462519,0.3589743589743588,0.0,0.0,0.01605087825560267,0.03305519897304236,0.029117647058823512,0.02617801047120419,0.48952380952380947,1,1,1,1,0,1,0.022723101207738322,0.4857142857142857,0.01296955981058584,0.2566908865291694,0.0
ece,0.9673659673659674,0.7506297229219141,female,cbse,cbse,gen,0.04699738903394257,30271.0,0.3354293502953203,0.9935897435897438,0.0,0.0,0.05436099333737128,0.06514762516046212,0.056764705882352925,0.05235602094240836,0.8571428571428572,1,1,1,1,0,1,0.060680591755075064,0.3142857142857143,0.016038087488063707,0.7155707040409225,0.0
ece,0.8209790209790211,0.4037783375314863,male,maharashtra state board,maharashtra state board,sc,0.017986655062373083,67894.0,1.0,0.237179487179487,0.0,0.0,0.01438522107813446,0.022625160462130936,0.020441176470588227,0.014790575916230356,0.43999999999999995,1,1,1,1,0,0,0.013619176975881928,0.2571428571428571,0.021877532628517105,0.16738187950339434,0.0
ece,0.86013986013986,0.5088161209068012,male,cbse,cbse,gen,0.03423266608645198,28419.0,0.30177192185370283,0.5096153846153848,0.0,0.0,0.022410660205935795,0.03690629011553273,0.03,0.02539267015706806,0.6438095238095238,1,1,1,1,1,1,0.02811937887742741,0.34285714285714286,0.02509741359381383,0.3631512745591261,0.0
ece,0.9044289044289044,0.7329974811083126,male,"board of secondary education,andhra pradesh","board of intermediate education,andhra pradesh",sc,0.006092254134029584,67894.0,1.0,0.09935897435897445,0.0,6.0,0.0054512416717141104,0.0274390243902439,0.013529411764705873,0.009031413612565445,0.33333333333333326,1,1,1,1,1,1,0.007158327521016097,0.5142857142857142,0.015517771925360926,0.06894227892441691,6.0
ece,0.7575757575757578,0.261964735516373,male,c.b.s.e,c.b.s.e,gen,0.019727299100667256,26014.0,0.2580645161290322,0.21474358974358965,0.0,0.0,0.0054512416717141104,0.02086007702182284,0.018823529411764697,0.014790575916230356,0.48857142857142843,1,1,1,1,0,1,0.011581806835285036,0.5714285714285714,0.025054514704762443,0.15068437507801746,0.0
ece,0.9860139860139863,0.5843828715365242,male,cbse,cbse,gen,0.011459239918769945,18639.0,0.12403452975920037,0.3589743589743588,0.0,0.0,0.012719563900666253,0.029204107830551995,0.0338235294117647,0.02617801047120419,0.5409523809523811,1,1,1,1,1,1,0.023200323042472715,0.6285714285714286,0.00882704744599068,0.2570164831693588,0.0
ece,0.7342657342657344,0.4735516372795969,male,c.b.s.e,c.b.s.e,obc,0.014505366985784737,41549.0,0.5403907314856884,0.19551282051282048,0.0,1.0,0.011659600242277413,0.024550706033376127,0.020441176470588227,0.008246073298429316,0.40380952380952384,1,1,1,0,1,1,0.010865974083183405,0.2571428571428571,0.020174236546415245,0.13707530249140026,1.0
ece,0.5337995337995336,0.08312342569269537,male,cbse,bseb,gen,0.023063533507397732,25977.0,0.2573920945024989,0.29487179487179493,0.0,1.0,0.00893397940642035,0.023587933247753518,0.02794117647058822,0.017179319371727744,0.5028571428571429,1,1,1,1,0,1,0.016271429095848167,0.4857142857142857,0.024408149127964185,0.2085534783249851,1.0
ece,0.7296037296037297,0.33249370277078105,male,cbse,cbse,obc,0.025674499564839,37034.0,0.45833711949114053,0.48717948717948745,0.0,0.0,0.019685039370078733,0.040596919127086004,0.035147058823529406,0.02866492146596858,0.56,1,1,1,1,0,1,0.028890275687382977,0.39999999999999997,0.01763479710568394,0.34836978113178724,0.0
ece,0.8927738927738931,0.7607052896725441,male,cbse,cbse,gen,0.026544821583986078,27151.0,0.2787278509768286,0.6153846153846152,0.0,0.0,0.03028467595396729,0.044448010269576385,0.042058823529411746,0.03678010471204188,0.6666666666666667,1,1,1,1,1,1,0.03839800301016849,0.7142857142857143,0.012870283915138017,0.4423278522157307,0.0
ece,0.6643356643356644,0.5566750629722925,male,bseb,bseb,obc,0.029881055990716568,26958.0,0.2752203543843708,0.5576923076923077,0.0,0.0,0.03301029678982435,0.043485237483953776,0.03779411764705881,0.023691099476439784,0.5485714285714287,1,1,1,1,1,1,0.0318270254395947,0.39999999999999997,0.018575647418208385,0.39848260406027675,0.0
ece,0.6689976689976691,0.2821158690176324,male,cbse,bihar school examination board,gen,0.01290977661734842,26527.0,0.2673875511131305,0.2596153846153848,0.0,0.0,0.0072683222289521565,0.0274390243902439,0.022205882352941173,0.02212041884816754,0.4876190476190476,0,0,0,0,0,1,0.016409089240483093,0.14285714285714285,0.015074999665594502,0.1845928247844549,0.0
ece,0.8321678321678325,0.518891687657431,female,cbse,cbse,obc,0.01537568900493183,42106.0,0.550513402998637,0.3365384615384619,0.0,0.0,0.03028467595396729,0.03498074454428754,0.03352941176470586,0.03350785340314136,0.5485714285714287,1,1,1,1,0,0,0.030909291142028533,0.34285714285714286,0.014023455575498014,0.24696866397246708,0.0
ece,0.6177156177156178,0.5088161209068012,female,cbse,cbse,gen,0.023933855526544826,31059.0,0.3497501135847342,0.691346153846154,0.0,0.0,0.02498485766202302,0.0415596919127086,0.03691176470588235,0.04659685863874345,0.7866666666666664,1,1,1,1,0,1,0.0402334716053008,0.5714285714285714,0.007389044047922261,0.495406823609706,0.0
ece,0.7156177156177159,0.7808564231738033,male,cbse,cbse,gen,0.01537568900493183,26800.0,0.27234893230349844,0.19551282051282048,0.0,2.0,0.02150211992731678,0.027599486521180994,0.01529411764705882,0.005759162303664925,0.3123809523809524,1,1,1,1,1,0,0.010205205388935781,0.37142857142857144,0.021166912320419604,0.13662447637421485,2.0
ece,0.9020979020979025,0.6498740554156173,female,icse,cbse,obc,0.022193211488250653,45531.0,0.6127578373466608,0.3044871794871795,0.0,1.0,0.010751059963658383,0.02086007702182284,0.020441176470588227,0.02212041884816754,0.5123809523809524,1,1,1,1,1,0,0.01578502991813807,0.37142857142857144,0.022956385510102914,0.21478195902411235,1.0
ece,0.8741258741258742,0.6700251889168769,male,cbse,cbse,gen,0.021467943138961415,24322.0,0.22731485688323494,0.41666666666666674,0.0,0.0,0.02150211992731678,0.03690629011553273,0.03352941176470586,0.02787958115183245,0.41714285714285704,1,1,1,1,0,1,0.02510921038141037,1.0,0.01663645038517189,0.297680902609116,0.0
ece,0.8228438228438231,0.7204030226700253,male,cbse,cbse,gen,0.018856977081520163,26325.0,0.26371649250340756,0.5897435897435901,0.0,0.0,0.029527559055118113,0.046213093709884454,0.04647058823529411,0.029581151832460725,0.6666666666666667,1,1,1,1,1,0,0.03770052494401818,0.7142857142857143,0.006575604464027232,0.4243577433680357,0.0
eee,0.8228438228438231,0.9118387909319898,male,cbse,cbse,gen,0.03249202204815782,24218.0,0.22542480690595185,0.7051282051282051,0.0,0.0,0.028619018776499097,0.05391527599486522,0.04382352941176469,0.03848167539267014,0.5942857142857141,1,1,1,1,0,0,0.03968283102676112,0.39999999999999997,0.01470839216115663,0.50443428747759,0.0
eee,0.5710955710955712,0.35768261964735526,male,bseb,bseb,sc,0.011894400928343485,67894.0,1.0,0.07692307692307687,0.0,4.0,0.0009085402786190161,0.017971758664955068,0.018823529411764697,0.00654450261780104,0.31047619047619057,1,1,1,1,0,1,0.00407474028119377,0.6571428571428571,0.02375638414131591,0.05153096648016301,4.0
eee,0.3473193473193472,0.19143576826196496,male,cbse,cbse,gen,0.006092254134029584,27844.0,0.29132212630622445,0.28525641025641035,0.0,0.0,0.01605087825560267,0.031129653401797172,0.03441176470588235,0.01806282722513089,0.3695238095238096,1,1,1,1,0,0,0.01901545464557103,0.34285714285714286,0.006362057134237639,0.20386532019290804,0.0
eee,0.3613053613053614,0.5340050377833754,male,"bihar school examination board,patna","bihar school examination board,patna",gen,0.029010733971569475,34870.0,0.41900954111767386,0.7083333333333333,0.0,0.0,0.020593579648697763,0.040596919127086004,0.04823529411764704,0.05235602094240836,0.7742857142857142,1,1,1,1,0,1,0.043151866671561234,0.7428571428571429,0.011389892356397147,0.5089879041972023,0.0
eee,0.9160839160839163,0.7254408060453399,male,icse,cbse,gen,0.030751378009863647,28399.0,0.3014084507042254,0.5160256410256412,0.0,0.0,0.020593579648697763,0.035943517329910135,0.030882352941176458,0.03193717277486911,0.6323809523809523,1,1,0,1,0,0,0.02929407877831211,0.17142857142857143,0.02134447483126016,0.3683263024206778,0.0
eee,0.8181818181818183,0.6498740554156173,female,cbse,cbse,gen,0.03756890049318247,24285.0,0.22664243525670152,0.8269230769230773,0.0,0.0,0.03301029678982435,0.05391527599486522,0.05161764705882352,0.04908376963350784,0.7752380952380953,1,1,1,1,1,1,0.049153848977643994,0.42857142857142855,0.014386944588024586,0.5939937534573573,0.0
eee,0.6923076923076925,0.5944584382871538,male,cbse,cbse,gen,0.014505366985784737,31432.0,0.35652885052248984,0.3974358974358976,0.0,0.0,0.019685039370078733,0.031129653401797172,0.02308823529411763,0.03678010471204188,0.5466666666666666,1,1,1,1,0,1,0.025733269703755335,0.4857142857142857,0.010305871498960062,0.2849860052045692,0.0
eee,0.7156177156177159,0.3677581863979851,male,cbse,bseb,gen,0.01537568900493183,27719.0,0.28905043162198996,0.2596153846153848,0.0,1.0,0.01150817686250756,0.022625160462130936,0.02573529411764705,0.022905759162303654,0.4285714285714284,0,0,0,0,0,0,0.01629896112477515,0.0,0.017803748495923935,0.1845176870982573,1.0
eee,0.5097902097902096,0.3128463476070529,female,bihar board,bihar board,gen,0.0137800986364955,33805.0,0.3996547024079964,0.3076923076923077,0.0,0.0,0.01150817686250756,0.022625160462130936,0.028235294117647053,0.02617801047120419,0.5238095238095237,1,1,1,1,0,1,0.019676223339818638,0.5714285714285714,0.013683014860961518,0.21962360354081528,0.0
eee,0.49650349650349646,0.23173803526448378,male,cbse,cbse,obc,0.01624601102407891,45379.0,0.6099954566106316,0.19871794871794868,0.0,3.0,0.012568140520896429,0.02086007702182284,0.02499999999999998,0.012303664921465965,0.3447619047619048,1,1,1,1,1,1,0.011379905289820469,0.34285714285714286,0.021985007078954913,0.13961272463137775,3.0
eee,0.7062937062937065,0.3828715365239297,male,c.b.s.e.,c.b.s.e.,gen,0.01537568900493183,26580.0,0.26835074965924577,0.23397435897435925,0.0,2.0,0.013476680799515445,0.028401797175866494,0.02308823529411763,0.014659685863874339,0.39428571428571435,1,1,1,1,0,0,0.014463492529642824,0.2571428571428571,0.019124665328350304,0.16577115549318716,2.0
eee,0.5664335664335665,0.33249370277078105,male,cbse,cbse,gen,0.0137800986364955,17385.0,0.10124488868696047,0.08333333333333348,0.0,4.0,0.0036341611144760783,0.011232349165596914,0.01676470588235293,0.012303664921465965,0.299047619047619,1,1,1,1,0,0,0.00407474028119377,0.2571428571428571,0.025654634048731,0.05590452568894083,4.0
eee,0.8275058275058278,0.4130982367758189,male,cbse,cbse,obc,0.018856977081520163,53614.0,0.7596547024079964,0.22756410256410242,0.0,1.0,0.013476680799515445,0.015083440308087295,0.03176470588235293,0.01060209424083769,0.40380952380952384,1,1,1,1,1,0,0.012628023934510457,0.2857142857142857,0.0233705223845483,0.1601453015144497,1.0
eee,0.8881118881118883,0.31234256926952164,female,cbse,cbse,gen,0.024804177545691905,33366.0,0.3916765106769651,0.5416666666666667,0.0,0.0,0.03119321623258632,0.031129653401797172,0.04044117647058823,0.03678010471204188,0.5485714285714287,1,1,1,1,1,0,0.032891597224771446,0.2571428571428571,0.014335236555581901,0.388275037004909,0.0
eee,0.93006993006993,0.8677581863979851,female,icse,isc,gen,0.03756890049318247,27887.0,0.29210358927760116,0.7596153846153844,0.0,0.0,0.028619018776499097,0.046213093709884454,0.04470588235294118,0.04581151832460732,0.8342857142857141,1,1,1,1,1,0,0.04482214309313165,0.42857142857142855,0.017079976934056204,0.5451159661080868,0.0
eee,0.6899766899766899,0.49874055415617113,male,cbse,cbse,gen,0.02741514360313317,31279.0,0.35374829622898685,0.41987179487179493,0.0,0.0,0.013476680799515445,0.03498074454428754,0.03352941176470586,0.02539267015706806,0.5028571428571429,1,1,1,1,0,0,0.023677544877207135,0.2571428571428571,0.022610950380014955,0.29889089229293647,0.0
eee,0.40326340326340326,0.45843828715365254,male,icse,cbse,obc,0.001740644038294173,39143.0,0.4966651522035439,0.08333333333333348,0.0,6.0,0.00893397940642035,0.021662387676508355,0.023823529411764688,0.0024869109947644047,0.3085714285714285,1,1,1,1,0,0,0.006938071289600237,0.42857142857142855,0.011142391057178527,0.05785810553007762,6.0
eee,0.9254079254079257,0.801007556675063,male,cbse,cbse,gen,0.023063533507397732,18630.0,0.12387096774193551,0.6153846153846152,0.0,0.0,0.026801938219261065,0.03401797175866496,0.04382352941176469,0.0425392670157068,0.7257142857142855,1,1,1,1,0,0,0.03836129363826585,0.34285714285714286,0.0095647497520851,0.4423028063203315,0.0
eee,0.8554778554778557,0.6146095717884135,female,cbse,cbse,gen,0.03510298810559907,20217.0,0.15271240345297593,0.7147435897435896,0.0,0.0,0.03755299818291945,0.04541078305519897,0.04382352941176469,0.04005235602094241,0.6895238095238094,1,1,1,1,0,0,0.0421790683161411,0.5142857142857142,0.016700481839105996,0.5126977471779014,0.0
eee,0.6363636363636365,0.7455919395465995,male,c.b.s.e.,c.b.s.e.,gen,0.01537568900493183,19448.0,0.13873693775556567,0.24679487179487203,0.0,0.0,0.012568140520896429,0.022625160462130936,0.026617647058823524,0.012303664921465965,0.39428571428571435,1,1,1,1,0,0,0.013141955141147535,0.2571428571428571,0.018460246142024878,0.17361662167637168,0.0
eee,0.850815850815851,0.7506297229219141,male,cbse,cbse,gen,0.01624601102407891,35238.0,0.4256974102680601,0.4903846153846152,0.0,0.0,0.019685039370078733,0.0415596919127086,0.04044117647058823,0.03350785340314136,0.5466666666666666,1,1,1,1,0,0,0.031533350464373555,0.6857142857142857,0.008065284417577756,0.3523598652049174,0.0
eee,0.8498834498834498,0.5994962216624684,male,cbse,cbse,gen,0.024804177545691905,30325.0,0.33641072239890957,0.3910256410256412,0.0,0.0,0.01605087825560267,0.028401797175866494,0.03176470588235293,0.030235602094240824,0.4419047619047618,1,1,1,1,0,0,0.022539554348225077,0.34285714285714286,0.021332590650678274,0.27843345309606204,0.0
eee,0.8648018648018647,0.806045340050378,male,cbse,cbse,obc,0.018856977081520163,42689.0,0.5611085870059065,0.3942307692307694,0.0,0.0,0.02407631738340399,0.03305519897304236,0.036029411764705865,0.019633507853403134,0.4647619047619047,1,1,1,1,0,0,0.02408134796813624,0.45714285714285713,0.014980671989667738,0.2816721603072168,0.0
eee,0.9440559440559442,0.801007556675063,male,cbse,cbse,gen,0.029881055990716568,41527.0,0.5399909132212631,0.5833333333333333,0.0,0.0,0.018776499091459717,0.03867137355584081,0.04294117647058823,0.03599476439790575,0.6666666666666667,1,1,1,1,1,0,0.034286553357072036,0.14285714285714285,0.01743323413935223,0.41765491588713305,0.0
eee,0.37995337995337986,0.3979848866498741,male,"bihar school examinatiaon board, patna","bihar school examinatiaon board, patna",obc,0.008558166521612995,58442.0,0.8473966378918674,0.3044871794871795,0.0,1.0,0.01438522107813446,0.023587933247753518,0.036029411764705865,0.019633507853403134,0.5238095238095237,1,1,1,1,1,0,0.020704085753092738,0.22857142857142856,0.008176385190291888,0.21813810900760372,1.0
eee,0.8881118881118883,0.8110831234256926,female,c.b.s.e,c.b.s.e,gen,0.02828546562228025,28326.0,0.3000817810086326,0.5576923076923077,0.0,0.0,0.03119321623258632,0.046213093709884454,0.036029411764705865,0.03115183246073297,0.5123809523809524,1,1,1,1,0,0,0.03296501596857676,0.42857142857142855,0.017024916349786645,0.39925902681765163,0.0
eee,0.8787878787878789,0.5994962216624684,male,cbse,cbse,gen,0.018856977081520163,29226.0,0.31643798273512036,0.4583333333333337,0.0,0.0,0.019685039370078733,0.03305519897304236,0.028235294117647053,0.034424083769633504,0.6552380952380952,1,1,1,1,1,0,0.028890275687382977,0.34285714285714286,0.012070770052939828,0.3286887646922877,0.0
eee,0.7995337995337994,0.7254408060453399,female,cbse,cbse,gen,0.033362344067304914,34133.0,0.4056156292594276,0.6346153846153848,0.0,0.0,0.03210175651120532,0.044448010269576385,0.04132352941176469,0.03520942408376962,0.6076190476190475,1,1,1,1,0,0,0.03707646562167319,0.42857142857142855,0.0184983613289654,0.4545468776076932,0.0
eee,0.3240093240093238,0.35264483627204024,male,"bihar school examination board,patna","bihar school examination board,patna",gen,0.018856977081520163,43162.0,0.5697046796910495,0.45512820512820507,0.0,0.0,0.016959418534221685,0.035943517329910135,0.036029411764705865,0.034424083769633504,0.6438095238095238,1,1,1,1,0,0,0.030615616166807358,0.34285714285714286,0.012212488637699886,0.32767914217166044,0.0
eee,0.4358974358974361,0.31738035264483644,male,"bihar shool examination board ,patna","bihar school examination board ,patna",gen,0.0137800986364955,28995.0,0.31223989095865523,0.4358974358974359,0.0,0.0,0.019685039370078733,0.037869062901155326,0.03441176470588235,0.03350785340314136,0.5238095238095237,1,1,1,1,0,0,0.028743438199772403,0.34285714285714286,0.007878593436588421,0.3132811238799688,0.0
eee,0.5431235431235433,0.6801007556675065,female,cbse,cbse,obc,0.029881055990716568,47000.0,0.6394547932757838,0.45192307692307687,0.0,0.0,0.009842519685039366,0.031129653401797172,0.035147058823529406,0.03115183246073297,0.5828571428571427,1,1,1,1,0,0,0.025476304100436803,0.45714285714285713,0.023552412242445614,0.3219859372113851,0.0
eee,0.7762237762237763,0.7607052896725441,male,cbse,cbse,gen,0.029881055990716568,40780.0,0.5264152657882782,0.7019230769230769,0.0,0.0,0.025893397940642035,0.04541078305519897,0.04044117647058823,0.04096858638743456,0.7847619047619045,1,1,1,0,1,0,0.04060056532432729,0.17142857142857143,0.0124434723088971,0.502873655258181,0.0
eee,0.7296037296037297,0.5340050377833754,male,cbse,cbse,gen,0.023063533507397732,26742.0,0.27129486597001357,0.2660256410256412,0.0,1.0,0.009085402786190189,0.022625160462130936,0.01970588235294117,0.01649214659685863,0.3219047619047619,1,1,1,0,1,0,0.010352042876546355,0.17142857142857143,0.025960420224657152,0.18483381125236628,1.0
eee,0.7249417249417249,0.4382871536523931,female,cbse,cbse,gen,0.010298810559907168,33750.0,0.3986551567469333,0.29807692307692313,0.0,0.0,0.008025439127801334,0.024550706033376127,0.036029411764705865,0.02133507853403141,0.5361904761904761,1,1,1,1,0,0,0.020098381116699038,0.2571428571428571,0.010361086648735654,0.21335129252473942,0.0
eee,0.9440559440559442,0.7909319899244334,male,cbse,cbse,gen,0.02828546562228025,34806.0,0.4178464334393458,0.628205128205128,0.0,0.0,0.028619018776499097,0.048138639281129644,0.04044117647058823,0.03678010471204188,0.6438095238095238,1,1,0,1,0,0,0.03799419991923936,0.08571428571428572,0.013982642421661542,0.45079946578389496,0.0
eee,0.8275058275058278,0.5088161209068012,male,c.b.s.e,c.b.s.e,gen,0.019727299100667256,43314.0,0.5724670604270786,0.33333333333333326,0.0,3.0,0.011659600242277413,0.02551347881899871,0.028235294117647053,0.02866492146596858,0.41714285714285704,1,1,1,1,0,0,0.01901545464557103,0.17142857142857143,0.018831597267070233,0.23666701425874057,3.0
eee,0.6923076923076925,0.1309823677581865,male,cbse,cbse,gen,0.013054830287206276,35935.0,0.4383643798273513,0.2692307692307694,0.0,0.0,0.016959418534221685,0.01989730423620026,0.028235294117647053,0.02212041884816754,0.4266666666666665,1,0,1,1,0,0,0.017363532909951906,0.17142857142857143,0.014759686046170853,0.19180435687800032,0.0
eee,0.4365967365967367,0.10856423173803531,male,bihar board,bihar board,gen,0.005221932114882505,38204.0,0.47960018173557495,0.1724358974358975,0.0,2.0,0.008176862507571173,0.026476251604621304,0.022205882352941173,0.01714659685863873,0.41714285714285704,1,1,1,1,0,0,0.013655886347784557,0.6,0.010718066949003027,0.12323397739013903,2.0
eee,0.4172494172494172,0.4181360201511337,male,bihar school examination board,bihar school examination board,obc,0.01290977661734842,28219.0,0.2981372103589277,0.2403846153846152,0.0,0.0,0.011659600242277413,0.02936456996148909,0.02573529411764705,0.015575916230366499,0.5123809523809524,1,1,1,1,0,0,0.01743695165375718,0.34285714285714286,0.016038087488063735,0.17217343222929887,0.0
eee,0.7529137529137531,0.46347607052896733,male,cbse,cbse,gen,0.016536118363794608,27108.0,0.27794638800545207,0.19551282051282048,0.0,2.0,0.003028467595396725,0.014120667522464686,0.030882352941176458,0.014790575916230356,0.41714285714285704,1,1,1,1,0,0,0.01108623031459928,0.5142857142857142,0.022490480019092096,0.13722557786379538,2.0
eee,0.7995337995337994,0.5843828715365242,male,c.b.s.e.,c.b.s.e.,gen,0.020597621119814336,20821.0,0.16368923216719672,0.3782051282051284,0.0,0.0,0.019685039370078733,0.0274390243902439,0.03441176470588235,0.023691099476439784,0.47619047619047605,0,0,0,0,0,0,0.02268639183583565,0.0,0.017559349090881138,0.26978651826010347,0.0
eee,0.7156177156177159,0.4030226700251889,male,cbse,cbse,gen,0.01624601102407891,25505.0,0.24881417537482964,0.4455128205128205,0.0,0.0,0.013476680799515445,0.03690629011553273,0.03955882352941176,0.034424083769633504,0.5242857142857142,1,1,0,1,0,0,0.028569068683234833,0.17142857142857143,0.009980586554375878,0.31972249468998915,0.0
eee,0.86013986013986,0.7773299748110831,male,cbse,cbse,gen,0.035973310124746166,44626.0,0.5963107678328033,0.5929487179487183,0.0,0.0,0.022410660205935795,0.04910141206675224,0.03441176470588235,0.03350785340314136,0.500952380952381,1,1,1,1,0,0,0.031533350464373555,0.34285714285714286,0.022847843297733664,0.4223368125453607,0.0
eee,0.9114219114219115,0.8261964735516372,male,central board of secondary education,central board of secondary education,gen,0.03249202204815782,20917.0,0.1654338936846888,0.5416666666666667,0.0,0.0,0.025893397940642035,0.044448010269576385,0.032647058823529404,0.02539267015706806,0.6190476190476188,0,0,0,0,0,0,0.03087258177012589,0.0,0.02185616150737653,0.38689751275795364,0.0
eee,0.5897435897435899,0.4080604534005039,male,rbse,rbse,gen,0.008558166521612995,20530.0,0.158400726942299,0.2051282051282055,0.0,3.0,0.0036341611144760783,0.022625160462130936,0.02735294117647058,0.022905759162303654,0.3695238095238096,0,0,0,0,0,0,0.013655886347784557,0.0,0.012909033805938316,0.14553912935490546,3.0
eee,0.6829836829836831,0.6246851385390426,male,icse,cbse,gen,0.03756890049318247,18135.0,0.11487505679236715,0.528846153846154,0.0,0.0,0.02498485766202302,0.03690629011553273,0.030882352941176458,0.02945026178010471,0.5352380952380953,0,0,0,0,0,0,0.02800925076171945,0.0,0.027450571883239724,0.3761968144992615,0.0
it,0.8041958041958042,0.6448362720403027,male,cbse,cbse,gen,0.021467943138961415,38603.0,0.4868514311676513,0.5000000000000002,0.0,0.0,0.022410660205935795,0.03690629011553273,0.030882352941176458,0.03193717277486911,0.6914285714285713,1,0,1,1,0,0,0.031092838001541778,0.17142857142857143,0.01286179114416501,0.358619653273294,0.0
it,0.8741258741258742,0.49874055415617113,female,cbse,cbse,gen,0.030751378009863647,33053.0,0.38598818718764194,0.5801282051282051,0.0,0.0,0.016959418534221685,0.0415596919127086,0.033970588235294114,0.02787958115183245,0.7866666666666664,0,0,1,0,0,1,0.032304247274329095,0.14285714285714285,0.018412912994096198,0.41411565793118804,0.0
it,0.6396270396270396,0.14483627204030225,male,b.s.e.b,b.s.e.b,obc,0.00623730780388744,67894.0,1.0,0.35576923076923106,0.0,4.0,0.012568140520896429,0.03209242618741977,0.02308823529411763,0.02212041884816754,0.6552380952380952,0,0,0,0,0,0,0.02220917000110123,0.0,0.0034391768442450926,0.2541534643891922,4.0
it,0.4592074592074593,0.6322418136020154,male,cbse,andhra pradesh board,obc,0.0,37581.0,0.4682780554293505,0.19551282051282048,0.0,7.0,0.008025439127801334,0.024550706033376127,0.01617647058823528,0.02212041884816754,0.5466666666666666,1,1,1,1,1,1,0.015564773686722197,0.2857142857142857,0.003629640313009122,0.14028117710249652,7.0
it,0.8275058275058278,0.5289672544080606,female,cbse,cbse,obc,0.017116333043226004,67894.0,1.0,0.3076923076923077,0.0,4.0,0.01150817686250756,0.026315789473684195,0.017941176470588224,0.022054973821989524,0.6438095238095238,1,1,1,1,0,0,0.01910722807532761,0.5142857142857142,0.017294126222518233,0.21923539216212784,4.0
it,0.7195804195804194,0.1057934508816123,female,cbse,cbse,sc,0.009428488540760088,67894.0,1.0,0.262820512820513,0.0,4.0,0.004391278013325256,0.019736842105263164,0.01779411764705882,0.02133507853403141,0.7504761904761903,0,0,0,1,0,0,0.017693917257075698,0.17142857142857143,0.011069538431718942,0.18765621072781533,4.0
it,0.8694638694638694,0.7531486146095718,male,cbse,cbse,gen,0.026544821583986078,30080.0,0.33195820081781013,0.237179487179487,0.0,1.0,0.025893397940642035,0.0274390243902439,0.014411764705882346,0.0071989528795811525,0.299047619047619,1,1,1,1,1,0,0.01115964905840458,0.14285714285714285,0.03144773438648239,0.16570380451164862,1.0
it,0.7575757575757578,0.5440806045340052,male,c.b.s.e,c.b.s.e,sc,0.018856977081520163,67894.0,1.0,0.2500000000000002,0.0,5.0,0.009842519685039366,0.022625160462130936,0.019558823529411767,0.018717277486910988,0.48857142857142843,1,1,1,1,1,0,0.01433500972798353,0.3142857142857143,0.02216503691354277,0.17661739288123415,5.0
it,0.8648018648018647,0.5541561712846348,female,icse,cbse,gen,0.036698578474035376,34269.0,0.4080872330758747,0.7275641025641029,0.0,0.0,0.025893397940642035,0.046213093709884454,0.042058823529411746,0.04005235602094241,0.8457142857142856,0,0,0,0,0,0,0.04210564957233581,0.0,0.017620050594249356,0.5213947738046586,0.0
it,0.9393939393939394,0.6851385390428211,male,cbse,cbse,gen,0.02741514360313317,31228.0,0.3528214447978192,0.3717948717948716,0.0,2.0,0.012568140520896429,0.01989730423620026,0.029411764705882346,0.015706806282722516,0.6190476190476188,1,1,1,1,0,0,0.018501523438933937,0.19999999999999998,0.025038957130116057,0.2625577269758179,2.0
it,0.780885780885781,0.6498740554156173,male,cbse,cbse,gen,0.02741514360313317,36871.0,0.45537482962289866,0.5192307692307694,0.0,0.0,0.020593579648697763,0.024550706033376127,0.032647058823529404,0.03193717277486911,0.8342857142857141,1,1,1,1,1,0,0.03101941925773649,0.39999999999999997,0.017900014588107818,0.37169023910882854,0.0
it,0.5696969696969698,0.6297229219143576,male,i.c.s.e.,c.b.s.e,sc,0.017116333043226004,67894.0,1.0,0.3076923076923077,0.0,2.0,0.0072683222289521565,0.019736842105263164,0.02573529411764705,0.02787958115183245,0.5847619047619046,1,1,0,1,0,1,0.019015454645570973,0.4857142857142857,0.017294126222518233,0.21917277742362984,2.0
it,0.8461538461538463,0.8110831234256926,male,icse,isce,gen,0.022193211488250653,39139.0,0.49659245797364826,0.38782051282051255,0.0,0.0,0.020593579648697763,0.022625160462130936,0.02308823529411763,0.019633507853403134,0.7142857142857144,1,1,1,1,0,0,0.02242942623251712,0.42857142857142855,0.01876480448754407,0.2761715358054753,0.0
it,0.9067599067599068,0.6801007556675065,female,i.c.s.e,c.b.s.e,obc,0.03756890049318247,50893.0,0.7102044525215813,0.6955128205128209,0.0,0.0,0.026801938219261065,0.035943517329910135,0.03691176470588235,0.0425392670157068,0.9047619047619047,1,1,1,1,0,0,0.040527146580522005,0.42857142857142855,0.019775075098256087,0.4984500042586052,0.0
it,0.7955710955710957,0.5302267002518892,male,rajasthan board,rajasthan board,gen,0.02828546562228025,37430.0,0.46553384825079513,0.5256410256410258,0.0,0.0,0.025893397940642035,0.028401797175866494,0.032647058823529404,0.03848167539267014,0.6190476190476188,1,1,1,1,0,0,0.03087258177012589,0.5142857142857142,0.018466456805240172,0.3759636147360094,0.0
mech,0.5151515151515151,0.4735516372795969,male,cbse,cbse,gen,0.018856977081520163,23470.0,0.21183098591549304,0.362179487179487,0.0,0.0,0.020593579648697763,0.0274390243902439,0.02735294117647058,0.030235602094240824,0.5961904761904762,1,1,1,1,0,0,0.025292757240923586,0.5142857142857142,0.016497711904050083,0.2606308788115015,0.0
mech,0.6363636363636365,0.5591939546599498,male,cbse,cbse,gen,0.01087902523933855,20908.0,0.16527033166742394,0.35576923076923106,0.0,1.0,0.010751059963658383,0.024550706033376127,0.032647058823529404,0.024214659685863865,0.6438095238095238,1,1,1,1,1,1,0.02279651995154361,0.6,0.00835582490036943,0.2545541987155792,1.0
mech,0.850815850815851,0.7657430730478592,male,cbse,cbse,gen,0.01537568900493183,16319.0,0.0818718764198092,0.4294871794871795,0.0,0.0,0.011659600242277413,0.03963414634146341,0.03176470588235293,0.03350785340314136,0.7142857142857144,1,1,1,1,1,1,0.030211813075878252,0.6,0.009789988728204732,0.3099094004871587,0.0
mech,0.7762237762237763,0.6146095717884135,male,c.b.s.e.,c.b.s.e.,gen,0.03510298810559907,19611.0,0.14169922762380738,0.9102564102564104,0.0,0.0,0.03831011508176861,0.06322207958921695,0.05338235294117645,0.05235602094240836,0.9295238095238094,1,1,1,1,0,0,0.056899526449102455,0.2571428571428571,0.009137060024847987,0.656134707100696,0.0
mech,0.6550116550116549,0.7254408060453399,male,cbse,cbse,gen,0.025674499564839,23848.0,0.21870059064061798,0.48397435897435925,0.0,0.0,0.025893397940642035,0.03401797175866496,0.02397058823529412,0.03350785340314136,0.6666666666666667,1,1,1,1,1,0,0.029514335009728,0.45714285714285713,0.01778230322052482,0.34660878174918464,0.0
mech,0.8321678321678325,0.7438287153652394,male,icse,goa board for secondary and higher secondary education,gen,0.03162170002901074,11814.0,0.0,0.5801282051282051,0.0,0.0,0.02407631738340399,0.04541078305519897,0.03352941176470586,0.04175392670157066,0.4285714285714284,1,1,1,1,1,1,0.03179031606769206,0.37142857142857144,0.019251086702107678,0.41376501539559934,0.0
mech,0.5468531468531468,0.6045340050377834,male,u.p. board,u.p. board,gen,0.02741514360313317,19638.0,0.14218991367560202,0.7243589743589747,0.0,0.0,0.03028467595396729,0.05295250320924262,0.050735294117647045,0.04829842931937171,0.8342857142857141,0,0,0,0,0,0,0.04897030211813072,0.0,0.00930650489559659,0.5238915766399183,0.0
mech,0.7296037296037297,0.33249370277078105,male,cbse,cbse,obc,0.019727299100667256,54014.0,0.7669241253975467,0.137820512820513,0.0,2.0,0.012568140520896429,0.017971758664955068,0.01617647058823528,0.008246073298429316,0.33333333333333326,1,0,1,1,0,1,0.0071583275210160835,0.2857142857142857,0.02947998384964101,0.09518363417708309,2.0
mech,0.9020979020979025,0.8916876574307306,male,i.c.s.e.,i.s.c,gen,0.023933855526544826,21390.0,0.1740299863698319,0.48397435897435925,0.0,0.0,0.019685039370078733,0.031129653401797172,0.04044117647058823,0.03520942408376962,0.5123809523809524,1,0,1,1,0,1,0.028963694431188264,0.2857142857142857,0.016038087488063707,0.3462330933181968,0.0
mech,0.7062937062937065,0.7355163727959699,male,icse,isc,gen,0.022193211488250653,22221.0,0.18913221263062246,0.40384615384615397,0.0,0.0,0.01438522107813446,0.031129653401797172,0.03176470588235293,0.03599476439790575,0.4285714285714284,1,0,1,1,0,1,0.024118057340038884,0.2857142857142857,0.01799363103447872,0.28825754501578255,0.0
mech,0.3193473193473195,0.14105793450881632,male,bihar board,bihar board,sc,0.008558166521612995,67894.0,1.0,0.10897435897435925,0.0,3.0,0.0036341611144760783,0.01893453145057765,0.01705882352941175,0.01714659685863873,0.5123809523809524,1,1,1,1,1,1,0.011379905289820441,0.5428571428571428,0.017936738988503148,0.07838289570849033,3.0
mech,0.7389277389277391,0.6347607052896727,male,cbse,cbse,gen,0.023933855526544826,20427.0,0.15652885052248983,0.42307692307692313,0.0,0.0,0.015142337976983639,0.026476251604621304,0.032647058823529404,0.04175392670157066,0.6438095238095238,0,0,0,0,0,0,0.029220660034506796,0.0,0.018872438053313026,0.3048596021026029,0.0
mech,0.6503496503496502,0.3828715365239297,male,bseb,bseb,gen,0.006817522483318836,25729.0,0.25288505224897784,0.45512820512820507,0.0,0.0,0.009993943064809205,0.044448010269576385,0.037058823529411755,0.03926701570680627,0.6914285714285713,1,1,1,1,0,0,0.03340552843140851,0.34285714285714286,0.0,0.32958263022199885,0.0
mech,0.7948717948717947,0.6700251889168769,male,cbse,cbse,gen,0.024804177545691905,23141.0,0.2058518855065879,0.7403846153846152,0.0,0.0,0.02150211992731678,0.05471758664955069,0.05161764705882352,0.051570680628272234,0.7619047619047619,1,1,1,1,0,0,0.046987996035387836,0.34285714285714286,0.006330177878464377,0.5334729963103059,0.0
mech,0.8135198135198136,0.5541561712846348,male,cbse,cbse,gen,0.02741514360313317,26002.0,0.2578464334393459,0.6698717948717949,0.0,0.0,0.02528770442156268,0.03498074454428754,0.04558823529411764,0.04502617801047119,0.822857142857143,1,1,1,1,0,1,0.04122462464667229,0.45714285714285713,0.011454882318724408,0.4814316394360788,0.0
mech,0.5897435897435899,0.1309823677581865,male,cbse,bseb,gen,0.009428488540760088,23169.0,0.2063607451158564,0.21794871794871828,0.0,1.0,0.010751059963658383,0.031129653401797172,0.018823529411764697,0.01884816753926702,0.7619047619047619,1,1,1,1,0,0,0.021621820050658908,0.2571428571428571,0.013255427206679132,0.1597212070740849,1.0
mech,0.8414918414918415,0.740554156171285,female,cbse,cbse,gen,0.033362344067304914,19960.0,0.14804179918218996,0.6153846153846152,0.0,0.0,0.027710478497880067,0.035943517329910135,0.04044117647058823,0.04096858638743456,0.7619047619047619,1,1,1,1,0,1,0.038434712382071134,0.45714285714285713,0.019343621651116624,0.44235289811112993,0.0
mech,0.407925407925408,0.4231738035264483,male,bseb,cbse,gen,0.021467943138961415,24002.0,0.22149931849159477,0.6474358974358976,0.0,0.0,0.011659600242277413,0.05102695763799743,0.04470588235294118,0.04659685863874345,0.7619047619047619,1,1,1,1,0,1,0.040637274696229964,0.45714285714285713,0.006790660896391715,0.46572344787896996,0.0
mech,0.9160839160839163,0.6901763224181361,male,cbse,cbse,gen,0.02741514360313317,22319.0,0.19091322126306226,0.596153846153846,0.0,0.0,0.01438522107813446,0.043485237483953776,0.03691176470588235,0.04502617801047119,0.7504761904761903,1,1,1,1,0,1,0.03696633750596526,0.45714285714285713,0.014511336796988697,0.4282303846688293,0.0
mech,0.5058275058275059,0.33753148614609585,male,bseb,bseb,gen,0.014505366985784737,24842.0,0.23676510676965018,0.4326923076923077,0.0,0.0,0.02498485766202302,0.040596919127086004,0.03,0.030235602094240824,0.56,1,1,1,1,0,0,0.029330788150214726,0.34285714285714286,0.008758693346692381,0.31149507860196696,0.0
mech,0.6596736596736597,0.7455919395465995,male,cbse,cbse,gen,0.02828546562228025,18405.0,0.11978191731031351,0.6698717948717949,0.0,0.0,0.027710478497880067,0.042522464698331194,0.042058823529411746,0.0425392670157068,0.8095238095238095,0,0,0,0,0,1,0.04170184648140671,0.11428571428571428,0.012263683230960748,0.4817572360762683,0.0
mech,0.732867132867133,0.7909319899244334,male,i.c.s.e.,c.b.s.e.,gen,0.026544821583986078,23334.0,0.20935938209904592,0.7756410256410258,0.0,0.0,0.029527559055118113,0.05471758664955069,0.050735294117647045,0.0475130890052356,0.822857142857143,1,1,1,1,0,0,0.04875004588671489,0.2571428571428571,0.006587981156331024,0.5587297749377446,0.0
mech,0.8834498834498836,0.7556675062972291,male,haryana board,cbse board,gen,0.019727299100667256,19368.0,0.13728305315765565,0.3974358974358976,0.0,0.0,0.017867958812840715,0.02936456996148909,0.03176470588235293,0.034424083769633504,0.6190476190476188,0,0,0,0,0,0,0.02778899453030359,0.0,0.015736391909689826,0.28638857534692386,0.0
mech,0.27272727272727293,0.4130982367758189,male,bseb,bseb,obc,0.020597621119814336,38781.0,0.49008632439800104,0.40064102564102577,0.0,1.0,0.015142337976983639,0.026476251604621304,0.022205882352941173,0.026963350785340304,0.7028571428571428,1,1,1,1,0,1,0.02360412613340182,0.2857142857142857,0.016489997927837716,0.28572012287580506,1.0
prod,0.5151515151515151,0.09571788413098248,male,c.b.s.e,c.b.s.e,gen,0.011024078909196391,41047.0,0.5312676056338029,0.3044871794871795,0.0,5.0,0.011205330102967898,0.017008985879332486,0.02397058823529412,0.02945026178010471,0.6190476190476188,1,1,1,1,0,0,0.020006607686942457,0.34285714285714286,0.010849363971534312,0.21766223699501913,5.0
prod,0.6410256410256412,0.344080604534005,male,"bihar school examination board, patna","board of secondary education, rajasthan",obc,0.017986655062373083,42777.0,0.5627078600636075,0.41025641025641035,0.0,0.0,0.012568140520896429,0.024550706033376127,0.026617647058823524,0.03193717277486911,0.7504761904761903,1,1,1,1,0,0,0.02595352593517125,0.6,0.0133379540805003,0.2938833989945197,0.0
prod,0.8041958041958042,0.6317380352644835,female,cbse,cbse,gen,0.024804177545691905,41105.0,0.5323216719672876,0.55224358974359,0.0,0.0,0.02422774076317384,0.03690629011553273,0.042058823529411746,0.03769633507853404,0.6800000000000002,1,1,1,1,0,1,0.03571821886127527,0.4857142857142857,0.013876351401698808,0.39741994364512995,0.0
prod,0.5710955710955712,0.4181360201511337,male,b.s.e.b,h.s.e.b,obc,0.023933855526544826,67894.0,1.0,0.5448717948717949,0.0,0.0,0.02150211992731678,0.03209242618741977,0.03441176470588235,0.0425392670157068,0.6800000000000002,1,1,1,1,0,1,0.03340552843140851,0.6571428571428571,0.013345454451076877,0.39081245914488655,0.0
prod,0.5850815850815851,0.23173803526448378,male,cbse,cbse,st,0.008558166521612995,67894.0,1.0,0.17628205128205132,0.0,3.0,0.00893397940642035,0.01893453145057765,0.01617647058823528,0.01884816753926702,0.4647619047619047,1,1,0,1,0,1,0.012003964612165477,0.39999999999999997,0.014368237542645504,0.12473104762244211,3.0
prod,0.8694638694638694,0.6095717884130984,male,cbse,cbse,gen,0.017986655062373083,36706.0,0.4523761926397094,0.3782051282051284,0.0,0.0,0.013476680799515445,0.02551347881899871,0.026617647058823524,0.03193717277486911,0.6076190476190475,0,1,0,1,0,1,0.02364083550530449,0.37142857142857144,0.01482107820580976,0.2704377115404824,0.0
prod,0.8741258741258742,0.5994962216624684,male,icse,cbse,gen,1.0,39792.0,0.5084597910040891,0.4711538461538465,0.0,2.0,1.0,0.9999999999999999,1.0,0.9999999999999999,0.5961904761904762,1,1,1,1,0,1,1.0,0.4857142857142857,1.0,1.0000000000000002,2.0
prod,0.5990675990675993,0.16120906801007573,male,central board of secondary education,central board of secondary education,obc,0.0137800986364955,67894.0,1.0,0.3205128205128205,0.0,0.0,0.0054512416717141104,0.024550706033376127,0.029117647058823512,0.02539267015706806,0.5961904761904762,1,1,0,1,0,1,0.0200433170588451,0.22857142857142856,0.013072288780657915,0.2286211809123625,0.0
prod,0.7855477855477857,0.6649874055415619,male,cbse,cbse,gen,0.020597621119814336,40000.0,0.5122398909586553,0.5769230769230773,0.0,0.0,0.016959418534221685,0.03498074454428754,0.04382352941176469,0.04005235602094241,0.7866666666666664,1,1,1,1,1,1,0.03667266253074408,0.2857142857142857,0.008764481362177168,0.41490933987930306,0.0
ece,0.7657342657342658,0.5617128463476071,male,cbse,cbse,gen,0.020597621119814336,67894.0,0.32947751022262606,0.39583333333333326,0.0,0.0,0.016959418534221685,0.031129653401797172,0.03022058823529411,0.02787958115183245,0.56,1,1,1,1,0,0,0.0246136338607246,0.3142857142857143,0.01671737823320403,0.2831287155926993,0.0
