Branch,Marks[10th],Marks[12th],Gender,Board[10th],Board[12th],Category,GPA 1,Rank,Normalized Rank,CGPA,Current Back,Ever Back,GPA 2,GPA 3,GPA 4,GPA 5,GPA 6,Olympiads Qualified,Technical Projects,Tech Quiz,Engg. Coaching,NTSE Scholarships,Miscellany Tech Events
CIVIL,77.57,64.6,Male,BSEB Patna,BSEB Patna,OBC,6.29,44718.0,15.970714285714285,6.02,1.0,4.0,6.12,5.94,5.41,6.25,6.13,1.0,4.0,3.0,2.0,0.0,5.0
CSE,86.4,71.8,Male,CBSE,CBSE,GEN,6.47,24222.0,8.650714285714285,6.1,1.0,7.0,6.12,5.88,5.53,6.44,6.19,2.0,2.0,0.0,1.0,0.0,4.0
CSE,88.14,78.0,Male,ICSE,ICSE,GEN,7.35,24723.0,8.829642857142858,6.65,1.0,1.0,6.35,6.54,6.41,6.5,6.69,1.0,1.0,3.0,0.0,0.0,5.0
CSE,65.4,59.8,Female,CBSE,CBSE,ST,6.41,232157.0,82.91321428571429,6.09,1.0,11.0,6.0,5.71,5.24,5.88,6.25,2.0,0.0,2.0,2.0,0.0,1.0
CSE,81.0,74.0,Male,CBSE,CBSE,GEN,6.8,23252.0,8.304285714285715,6.13,1.0,0.0,6.06,5.88,6.0,5.93,5.44,2.0,0.0,2.0,2.0,0.0,1.0
ECE,74.4,82.0,Male,BSEB,CBSE,GEN,6.88,23257.0,8.306071428571428,6.35,1.0,4.0,6.71,6.35,5.94,5.88,4.56,2.0,0.0,1.0,0.0,2.0,3.0
ECE,83.8,73.0,Female,C.B.S.E,C.B.S.E,SC,7.24,103217.0,36.863214285714285,6.69,1.0,0.0,6.53,6.29,6.12,7.0,7.0,3.0,2.0,1.0,3.0,0.0,3.0
ECE,82.0,78.0,Male,B.S.E.B,B.S.E.B,GEN,7.0,23010.0,8.217857142857143,6.66,1.0,0.0,7.59,6.35,6.35,6.0,5.5,3.0,2.0,1.0,2.0,1.0,0.0
EEE,62.4,60.8,Male,BSEB,BSEB,OBC,5.83,74086.0,26.459285714285713,6.0,1.0,9.0,6.31,6.13,6.06,5.69,6.0,3.0,2.0,1.0,2.0,1.0,0.0
EEE,80.2,63.0,Male,CBSE,CBSE,OBC,6.48,70752.0,25.268571428571427,6.12,1.0,,6.3,5.61,6.2,6.03,5.38,4.0,2.0,2.0,4.0,0.0,5.0
EEE,89.6,80.2,Male,C.B.S.E,C.B.S.E,GEN,6.53,29445.0,10.51607142857143,6.23,1.0,1.0,6.35,6.36,6.41,5.5,5.69,6.0,3.0,3.0,6.0,0.0,5.0
EEE,90.4,65.4,Male,CBSE,CBSE,GEN,6.65,28051.0,10.018214285714286,6.27,1.0,9.0,6.0,6.59,6.12,5.88,6.38,5.0,1.0,4.0,5.0,0.0,5.0
IT,71.2,60.02,Female,CBSE,CBSE,GEN,6.1,37593.0,13.42607142857143,6.6,1.0,13.0,6.3,6.7,5.5,6.9,7.5,8.0,4.0,4.0,6.0,2.0,5.0
MECH,85.0,64.0,Male,ICSE,CBSE,GEN,6.83,40107.0,14.32392857142857,6.49,1.0,4.0,6.18,6.42,6.53,6.5,7.0,7.0,1.0,6.0,3.0,4.0,0.0
MECH,59.0,60.2,Male,BSEB,BSEB,OBC,6.0,50226.0,17.937857142857144,5.89,1.0,0.0,5.94,6.0,6.0,6.13,6.5,4.0,3.0,1.0,1.0,3.0,0.0
MECH,74.4,74.4,Male,BSEB,BSEB,OBC,6.67,32906.0,11.752142857142857,6.96,1.0,2.0,6.76,6.41,6.18,7.13,6.94,1.0,1.0,0.0,0.0,0.0,5.0
MECH,79.0,73.2,Male,I.C.S.E,I.S.C,GEN,6.41,17835.0,6.369642857142857,6.57,1.0,5.0,6.53,6.54,6.65,7.19,6.81,1.0,0.0,1.0,1.0,0.0,0.0
CIVIL,71.6,70.8,Male,BSEB PATNA,BSEB PATNA,GEN,6.53,40690.0,14.532142857142857,6.37,0.0,7.0,6.12,7.12,6.7,6.13,5.625,2.0,2.0,0.0,2.0,0.0,5.0
CIVIL,62.5,67.0,Male,UP BOARD,UP BOARD,OBC,6.71,35787.0,12.781071428571428,6.95,0.0,5.0,6.94,6.82,6.76,7.31,7.19,1.0,0.0,1.0,1.0,0.0,0.0
CIVIL,83.34,73.8,Male,ISCE,CBSE,OBC,7.35,41598.0,14.856428571428571,7.09,0.0,0.0,7.0,6.94,7.0,7.19,7.44,6.0,3.0,3.0,4.0,2.0,5.0
CIVIL,77.43,76.0,Male,BIHAR BOARD,CBSE,GEN,6.53,22373.0,7.9903571428571425,6.66,0.0,4.0,5.77,6.06,6.59,7.31,7.81,0.0,0.0,0.0,0.0,0.0,0.0
CIVIL,70.86,63.67,Male,BSEB,BSEB,SC,6.94,145034.0,51.79785714285714,7.19,0.0,0.0,6.47,6.65,7.41,7.88,7.75,5.0,2.0,3.0,3.0,2.0,0.0
CIVIL,88.6,71.8,Male,C.B.S.E.,C.B.S.E,OBC,6.29,59417.0,21.220357142857143,6.71,0.0,0.0,6.53,6.24,7.18,7.25,7.06,0.0,0.0,0.0,0.0,0.0,5.0
CIVIL,85.8,60.1,Male,CBSE,CBSE,OBC,6.52,37323.0,13.329642857142858,6.44,0.0,5.0,6.65,6.05,6.65,6.56,6.13,0.0,0.0,0.0,0.0,0.0,5.0
CIVIL,67.0,61.0,Male,BSEB PATNA,BSEB PATNA,SC,6.05,133996.0,47.855714285714285,6.64,0.0,8.0,6.35,6.17,6.65,7.69,6.94,1.0,0.0,1.0,0.0,1.0,0.0
CIVIL,84.6,78.4,Male,CBSE,CBSE,GEN,7.18,25038.0,8.942142857142857,7.52,0.0,1.0,6.94,7.35,7.47,8.31,7.94,4.0,1.0,3.0,4.0,0.0,5.0
CIVIL,88.0,81.5,Male,ICSE,ISC,OBC,7.24,58606.0,20.930714285714284,6.8,0.0,2.0,6.12,6.18,7.24,7.44,6.63,5.0,3.0,2.0,5.0,0.0,5.0
CIVIL,91.67,70.6,Male,C.B.S.E,C.B.S.E,OBC,7.12,35544.0,12.694285714285714,7.13,0.0,0.0,6.47,6.82,6.88,7.5,8.0,5.0,3.0,2.0,5.0,0.0,5.0
CIVIL,84.6,86.0,Female,ICSE,I Sc,GEN,8.06,25134.0,8.976428571428572,7.78,0.0,1.0,6.88,7.53,8.06,8.19,8.0,3.0,1.0,2.0,3.0,0.0,5.0
CIVIL,70.0,71.0,Male,cbse,cbse,GEN,6.71,37300.0,13.321428571428571,6.82,0.0,1.0,7.06,6.18,6.97,6.76,7.31,4.0,3.0,1.0,4.0,0.0,0.0
CIVIL,93.4,63.0,Male,C.B.S.E.,C.B.S.E.,GEN,6.65,36857.0,13.163214285714286,6.73,0.0,2.0,6.41,6.47,6.82,7.06,6.94,0.0,0.0,0.0,0.0,0.0,0.0
CIVIL,74.8,75.6,Male,BSEB,BSEB,GEN,7.94,29807.0,10.645357142857144,8.05,0.0,0.0,7.41,7.18,7.71,9.06,9.12,3.0,2.0,1.0,3.0,0.0,0.0
CIVIL,53.7,56.8,Male,B.S.E.B PATNA,NIOS BOARD,SC,6.41,163359.0,58.3425,6.56,0.0,4.0,6.0,5.82,6.47,7.13,7.38,5.0,0.0,4.0,1.0,4.0,0.0
CIVIL,93.0,80.0,Male,I.C.S.E,C.B.S.E,GEN,6.94,31665.0,11.308928571428572,6.626,0.0,2.0,6.12,6.47,6.35,7.25,6.81,5.0,0.0,4.0,1.0,4.0,0.0
CIVIL,79.17,81.4,Male,ICSE,CBSE,GEN,7.76,55832.0,19.94,8.5,0.0,0.0,7.65,7.88,8.94,9.38,9.38,5.0,0.0,4.0,1.0,4.0,0.0
CSE,81.0,70.0,Male,CBSE,CBSE,GEN,6.82,46717.0,16.684642857142858,6.82,0.0,9.0,6.29,6.41,6.24,7.25,7.63,5.0,0.0,4.0,1.0,4.0,0.0
CSE,92.83,82.4,Male,CBSE,CBSE,OBC,8.35,84799.0,30.285357142857144,8.18,0.0,0.0,8.18,7.88,7.53,8.44,8.75,3.0,2.0,1.0,3.0,0.0,0.0
CSE,83.4,63.0,Male,cbse,cbse,GEN,6.35,18985.0,6.7803571428571425,6.52,0.0,8.0,6.18,6.18,6.23,6.44,6.56,3.0,2.0,1.0,3.0,0.0,0.0
CSE,86.6,77.8,Male,CBSE,BSEB,GEN,6.47,25716.0,9.184285714285714,6.58,0.0,8.0,6.35,6.12,6.24,6.44,7.25,7.0,4.0,3.0,7.0,0.0,0.0
CSE,80.8,64.6,Male,ICSE,CBSE,GEN,6.76,40842.0,14.586428571428572,6.5,0.0,7.0,6.29,6.31,6.76,6.41,6.5,4.0,1.0,3.0,4.0,0.0,0.0
CSE,89.0,83.0,Female,CBSE,CBSE,OBC,8.0,33700.0,12.035714285714286,7.96,0.0,0.0,7.59,7.82,7.47,8.25,8.69,4.0,2.0,2.0,4.0,0.0,0.0
CSE,66.0,61.33,Male,ICSE,BSEB,OBC,8.12,48292.0,17.247142857142858,7.86,0.0,0.0,7.71,7.06,7.53,8.0,8.75,5.0,4.0,1.0,4.0,0.0,0.0
CSE,79.6,83.0,Male,Uttar Pradesh Board,CBSE,GEN,7.24,32024.0,11.437142857142858,6.65,0.0,3.0,7.12,6.55,6.48,6.31,6.19,4.0,3.0,1.0,1.0,3.0,0.0
CSE,91.0,82.0,Male,CBSE,CBSE,GEN,7.12,26102.0,9.322142857142858,6.54,0.0,2.0,6.35,6.0,6.18,6.75,6.81,6.0,3.0,3.0,6.0,0.0,0.0
CSE,93.86,92.83,Male,ICSE,ISC,GEN,8.59,17565.0,6.273214285714285,8.14,0.0,0.0,7.88,7.18,7.65,8.56,9.0,6.0,3.0,3.0,6.0,0.0,0.0
CSE,94.8,90.8,Male,CBSE,CBSE,GEN,7.53,20988.0,7.4957142857142856,7.36,0.0,0.0,7.0,6.71,7.18,8.25,7.5,3.0,1.0,2.0,3.0,0.0,0.0
CSE,96.2,85.6,Male,CBSE,CBSE,GEN,7.24,28856.0,10.305714285714286,7.52,0.0,0.0,7.12,7.41,7.06,8.0,8.31,4.0,4.0,0.0,3.0,1.0,0.0
CSE,75.8,72.33,Female,CBSE,state,ST,6.47,279839.0,99.9425,6.9,0.0,9.0,6.53,7.0,6.06,7.19,7.93,0.0,0.0,0.0,0.0,0.0,0.0
CSE,95.0,79.8,Male,ICSE,CBSE,GEN,8.06,23949.0,8.553214285714287,8.48,0.0,0.0,8.53,8.12,7.65,9.25,9.31,0.0,0.0,0.0,0.0,0.0,0.0
CSE,86.0,90.0,Female,ICSE,CBSE,GEN,7.53,28384.0,10.137142857142857,7.52,0.0,0.0,7.0,7.4,6.9,8.0,8.31,4.0,2.0,2.0,4.0,0.0,0.0
CSE,95.6,80.6,Female,CBSE,CBSE,GEN,8.29,26005.0,9.2875,8.77,0.0,0.0,8.41,8.94,8.41,9.13,9.5,6.0,2.0,4.0,0.0,6.0,0.0
CSE,95.4,81.8,Female,CBSE,CBSE,GEN,8.59,52657.0,18.80607142857143,8.68,0.0,0.0,7.82,8.76,8.41,9.0,9.5,6.0,2.0,4.0,0.0,6.0,0.0
CSE,89.8,71.8,Female,CBSE,CBSE,GEN,7.94,28764.0,10.272857142857143,7.54,0.0,0.0,7.76,6.94,7.06,7.75,8.0,0.0,0.0,0.0,0.0,6.0,0.0
CSE,90.4,73.16,Male,CBSE,CBSE,GEN,6.6,40000.0,14.285714285714286,6.5,0.0,9.0,6.48,6.0,6.31,6.625,6.94,4.0,3.0,1.0,2.0,2.0,0.0
CSE,96.6,82.4,Female,C.B.S.E.,C.B.S.E.,OBC,8.41,46737.0,16.691785714285714,7.95,0.0,0.0,7.94,7.06,7.47,7.81,9.06,4.0,1.0,3.0,4.0,0.0,0.0
CSE,89.4,83.4,Female,CBSE,CBSE,OBC,7.71,83925.0,29.973214285714285,7.93,0.0,0.0,7.65,7.35,7.18,8.63,9.19,1.0,1.0,0.0,1.0,0.0,0.0
CSE,93.0,70.0,Male,CBSE,CBSE,GEN,6.3,29203.0,10.429642857142857,6.12,0.0,3.0,5.76,6.35,6.0,6.25,6.06,4.0,2.0,2.0,4.0,0.0,0.0
CSE,92.2,76.6,Male,CBSE,CBSE,GEN,6.88,25768.0,9.202857142857143,6.54,0.0,1.0,6.47,6.17,6.45,6.75,6.69,3.0,2.0,2.0,0.0,3.0,0.0
CSE,86.5,92.6,Male,"BOARD OF SECONDARY EDUCATION,ANDHRA PRADESH","BOARD OF INTERMEDIATE EDUCATION,ANDHRA PRADESH",GEN,6.65,19925.0,7.116071428571429,7.01,0.0,0.0,6.71,6.76,6.53,7.38,8.0,2.0,1.0,1.0,2.0,0.0,0.0
CSE,94.0,91.0,Female,ICSE,ISC,GEN,8.71,36742.0,13.122142857142856,8.95,0.0,0.0,8.88,9.12,8.41,9.19,9.56,5.0,1.0,4.0,5.0,0.0,0.0
CSE,86.0,90.0,Male,Rajasthan Board,Central Board,GEN,8.12,27592.0,9.854285714285714,7.85,0.0,0.0,7.71,7.23,7.47,8.25,8.31,1.0,1.0,4.0,1.0,0.0,0.0
CSE,91.6,88.0,Female,CBSE,CBSE,GEN,8.59,25422.0,9.079285714285714,8.58,0.0,0.0,8.65,8.82,7.88,8.94,8.875,3.0,0.0,3.0,3.0,0.0,0.0
CSE,86.5,81.5,Male,CBSE,CBSE,GEN,7.53,45479.0,16.2425,7.43,0.0,0.0,7.53,6.88,6.53,7.65,7.875,7.0,4.0,3.0,6.0,1.0,0.0
CSE,90.0,86.0,Male,ICSE,ICSE,GEN,6.5,23007.0,8.216785714285715,6.02,0.0,10.0,6.2,6.2,4.9,6.2,6.06,5.0,1.0,4.0,5.0,0.0,0.0
CSE,90.2,72.4,Male,CBSE,CBSE,GEN,7.06,24066.0,8.595,6.8,0.0,0.0,6.41,6.06,6.47,7.06,7.75,3.0,2.0,1.0,2.0,1.0,0.0
CSE,89.8,84.0,Male,C.B.S.E.,C.B.S.E.,GEN,6.94,18436.0,6.5842857142857145,6.91,0.0,0.0,6.65,6.35,6.47,7.63,7.43,4.0,0.0,4.0,4.0,0.0,0.0
CSE,75.0,70.0,Female,cbse,bhopal,GEN,5.82,21000.0,7.5,6.5,0.0,12.0,6.06,4.88,5.0,6.5,7.25,1.0,1.0,0.0,1.0,0.0,0.0
CSE,88.4,84.8,Male,CENTRAL BOARD OF SECONDARY EDUCATION,CENTRAL BOARD OF SECONDARY EDUCATION,GEN,7.65,52153.0,18.62607142857143,7.65,0.0,2.0,7.65,7.29,6.94,8.0,8.44,5.0,2.0,3.0,5.0,0.0,0.0
CSE,73.8,82.4,Male,CBSE,CBSE,OBC,6.35,48669.0,17.381785714285716,6.45,0.0,4.0,6.47,6.41,6.18,6.88,7.88,1.0,1.0,0.0,1.0,0.0,0.0
CSE,92.6,92.0,Female,CBSE,CBSE,GEN,8.06,32430.0,11.582142857142857,8.18,0.0,0.0,7.18,7.76,7.88,8.88,9.25,3.0,2.0,1.0,1.0,0.0,0.0
CSE,91.33,86.2,Male,CBSE,CBSE,OBC,7.76,48830.0,17.439285714285713,7.86,0.0,0.0,7.88,7.65,7.82,7.94,8.13,4.0,3.0,1.0,4.0,0.0,0.0
CSE,72.0,62.4,Male,CBSE,NIOS,OBC,6.06,82727.0,29.545357142857142,6.06,0.0,10.0,5.82,6.29,6.0,5.56,6.625,5.0,4.0,1.0,1.0,4.0,0.0
CSE,89.8,88.4,Female,cbse,cbse,GEN,7.54,22356.0,7.984285714285714,7.6,0.0,1.0,7.12,7.76,7.35,8.32,8.75,0.0,0.0,0.0,0.0,0.0,0.0
CSE,86.67,83.5,Male,CBSE,CBSE,GEN,7.65,19009.0,6.788928571428571,7.01,0.0,0.0,6.65,6.35,6.47,7.94,7.44,5.0,2.0,3.0,4.0,1.0,0.0
CSE,82.4,79.6,Female,CBSE BOARD,CBSE BOARD,SC,6.71,157482.0,56.24357142857143,7.23,0.0,0.0,6.59,6.35,6.71,7.38,8.93,5.0,2.0,3.0,5.0,0.0,0.0
CSE,93.0,88.0,Female,CBSE,CBSE,GEN,8.12,33982.0,12.13642857142857,8.04,0.0,0.0,7.82,7.35,7.71,8.19,8.62,6.0,4.0,2.0,4.0,2.0,0.0
CSE,81.0,73.4,Male,C.B.S.E,C.B.S.E,GEN,7.06,22018.0,7.863571428571428,7.01,0.0,0.0,7.12,7.0,6.71,6.38,7.81,8.0,3.0,5.0,8.0,0.0,0.0
ECE,92.28,92.67,Male,ICSE,ISC,GEN,7.94,29181.0,10.421785714285715,7.81,0.0,0.0,7.65,7.82,7.94,7.69,7.88,4.0,3.0,1.0,3.0,1.0,0.0
ECE,89.0,77.0,Male,ICSE,CBSE,GEN,7.18,26086.0,9.316428571428572,6.72,0.0,0.0,7.41,6.47,6.18,6.5,6.44,2.0,1.0,1.0,2.0,0.0,0.0
ECE,77.6,72.4,Male,B.S.E.B,B.S.E.B,GEN,7.59,25865.0,9.2375,7.184,0.0,0.0,7.41,7.35,6.76,6.81,7.19,3.0,2.0,1.0,0.0,3.0,0.0
ECE,94.8,92.6,Female,CBSE,CBSE,GEN,9.12,19850.0,7.089285714285714,9.01,0.0,0.0,9.06,9.0,9.18,9.19,9.0,5.0,2.0,3.0,5.0,0.0,0.0
ECE,92.8,90.0,Male,C.B.S.E,C.B.S.E,GEN,8.12,15535.0,5.548214285714286,7.71,0.0,0.0,7.47,7.29,7.94,7.74,7.44,4.0,2.0,2.0,4.0,0.0,0.0
ECE,91.6,83.4,Male,cbse,cbse,GEN,7.82,24202.0,8.643571428571429,7.15,0.0,0.0,6.41,6.76,6.94,7.69,7.31,6.0,5.0,1.0,6.0,0.0,0.0
ECE,91.2,85.2,Male,CBSE,CBSE,GEN,7.59,25129.0,8.974642857142857,7.22,0.0,0.0,7.29,6.88,7.12,7.44,7.31,2.0,1.0,1.0,2.0,0.0,0.0
ECE,91.4,74.6,Male,cbse,cbse,GEN,6.76,34089.0,12.174642857142857,6.12,0.0,5.0,6.1,6.09,5.95,5.54,5.94,4.0,1.0,3.0,3.0,1.0,0.0
ECE,94.0,85.4,Female,CBSE,CBSE,GEN,8.47,27242.0,9.729285714285714,8.64,0.0,0.0,8.71,8.41,8.53,8.94,8.56,5.0,2.0,3.0,5.0,0.0,0.0
ECE,73.8,69.4,Male,BSEB,CBSE,GEN,7.65,22120.0,7.9,7.5,0.0,0.0,7.0,7.06,7.06,8.25,7.94,2.0,2.0,0.0,1.0,1.0,0.0
ECE,73.0,61.0,Male,BIHAR SCHOOL EXAMINATION BOARD PATNA,NIOS BOARD,GEN,6.71,26534.0,9.476428571428572,6.35,0.0,0.0,6.59,6.24,6.18,6.63,5.75,8.0,4.0,4.0,5.0,3.0,0.0
ECE,94.4,88.0,Female,CBSE,CBSE,GEN,8.47,23388.0,8.352857142857143,8.51,0.0,0.0,8.59,8.29,8.12,9.06,8.88,6.0,3.0,3.0,6.0,0.0,0.0
ECE,80.06,81.06,Male,B.S.E.B.PATNA,B.S.E.B.PATNA,GEN,8.06,32560.0,11.628571428571428,8.63,0.0,0.0,7.82,8.29,8.53,9.31,9.81,3.0,2.0,1.0,3.0,0.0,0.0
ECE,89.3,92.7,Male,Board of Secondary Education,Board of Intermediate Education Andhra Pradesh,GEN,6.89,13556.0,4.841428571428572,6.98,0.0,0.0,6.29,6.32,6.52,8.25,7.63,3.0,2.0,1.0,3.0,0.0,0.0
ECE,92.4,86.0,Female,CBSE,CBSE,GEN,8.47,17523.0,6.258214285714286,8.12,0.0,0.0,8.12,7.82,8.06,8.13,8.19,3.0,1.0,2.0,3.0,0.0,0.0
ECE,94.0,84.0,Male,CBSE,CBSE,GEN,6.9,22494.0,8.03357142857143,6.5,0.0,2.0,5.9,6.3,6.35,7.1,6.06,3.0,1.0,2.0,3.0,0.0,0.0
ECE,87.57,80.2,Male,ICSE,CBSE,GEN,6.12,30296.0,10.82,6.6,0.0,0.0,6.0,6.12,6.88,7.0,7.5,5.0,4.0,1.0,5.0,0.0,0.0
ECE,90.0,96.5,Male,MAHARASHTRA STATE BOARD OF SECONDARY EDUCATION,INTERMEDIATE BOARD OF EDUCATION- ANDHRA PRADESH,GEN,8.29,22578.0,8.063571428571429,8.02,0.0,0.0,7.76,7.76,7.71,8.56,7.13,2.0,1.0,1.0,2.0,0.0,0.0
ECE,93.8,80.8,Male,CBSE,CBSE,GEN,7.65,30324.0,10.83,7.18,0.0,0.0,7.24,6.65,6.94,7.44,7.19,0.0,0.0,0.0,0.0,0.0,0.0
ECE,70.6,76.6,Male,"BIHAR SCHOOL EXAMINATION BOARD, PATNA","BIHAR SCHOOL EXAMINATION BOARD, PATNA",OBC,7.82,45548.0,16.267142857142858,7.67,0.0,0.0,7.35,7.88,7.24,7.81,7.94,5.0,2.0,3.0,5.0,0.0,0.0
ECE,95.0,82.6,Female,ICSE,CBSE,GEN,7.65,29045.0,10.373214285714285,8.0,0.0,0.0,7.76,7.35,8.0,8.5,8.5,4.0,1.0,3.0,1.0,3.0,0.0
ECE,91.4,87.8,Male,CBSE,"Boar of Intermediate Education, A.P.",GEN,8.24,15349.0,5.4817857142857145,8.3,0.0,0.0,8.26,8.24,8.47,8.25,8.44,4.0,3.0,1.0,3.0,1.0,5.0
ECE,91.2,79.2,Male,CBSE,CBSE,GEN,8.12,22640.0,8.085714285714285,7.09,0.0,1.0,8.29,6.94,6.59,5.81,6.68,6.0,5.0,1.0,6.0,0.0,5.0
ECE,88.8,84.0,Male,CBSE,CBSE,GEN,7.76,23000.0,8.214285714285714,7.642,0.0,0.0,7.82,7.41,7.59,7.63,7.75,2.0,1.0,1.0,2.0,0.0,5.0
ECE,87.7,92.2,Male,Board of Secondary Education,Board of Intermediate Education Andhra Pradesh,GEN,8.18,15206.0,5.430714285714286,8.17,0.0,0.0,8.24,7.76,8.24,8.44,7.25,6.0,5.0,1.0,6.0,0.0,4.0
ECE,68.2,61.4,Male,STATE BOARD,STATE BOARD,GEN,6.41,25769.0,9.203214285714285,6.53,0.0,2.0,6.41,6.41,5.882,6.69,6.69,6.0,5.0,1.0,6.0,0.0,4.0
ECE,88.0,90.8,Female,STATE BOARD OF ANDHRA PRADESH,STATE BOARD OF ANDHRA PRADESH,GEN,7.29,20280.0,7.242857142857143,7.1,0.0,0.0,7.0,6.59,6.94,6.63,7.38,7.0,4.0,3.0,5.0,2.0,4.0
ECE,68.6,70.0,Female,B.S.E.B(PATNA),B.S.E.B(H.S.PATNA),OBC,6.24,33190.0,11.853571428571428,6.233,0.0,5.0,7.0,5.9,6.0,6.31,6.13,2.0,0.0,2.0,1.0,1.0,4.0
ECE,69.8,68.2,Male,CBSE,CBSE,SC,6.29,109837.0,39.2275,6.53,0.0,0.0,6.88,6.29,6.18,6.38,7.19,3.0,1.0,2.0,3.0,0.0,5.0
ECE,68.4,65.8,Male,BSEB,CBSE,GEN,7.88,23040.0,8.228571428571428,7.56,0.0,0.0,7.29,7.41,7.41,7.81,7.69,1.0,1.0,0.0,1.0,0.0,5.0
ECE,73.0,71.6,Male,B.S.E.B,B.S.E.B,OBC,6.82,40092.0,14.31857142857143,7.01,0.0,0.0,6.82,6.94,6.88,7.5,7.13,4.0,1.0,3.0,4.0,0.0,5.0
ECE,95.2,86.6,Female,CBSE,CBSE,GEN,9.0,30271.0,10.811071428571429,8.99,0.0,0.0,9.35,8.94,8.76,9.5,9.06,2.0,1.0,1.0,2.0,0.0,5.0
ECE,88.92,72.83,Male,Maharashtra State Board,Maharashtra State Board,SC,7.0,106133.0,37.90464285714286,6.63,0.0,0.0,6.71,6.29,6.29,6.63,6.87,3.0,1.0,2.0,3.0,0.0,0.0
ECE,90.6,77.0,Male,CBSE,CBSE,GEN,8.12,28419.0,10.149642857142856,7.48,0.0,0.0,7.24,7.18,6.94,7.44,7.94,3.0,1.0,2.0,1.0,2.0,5.0
ECE,92.5,85.9,Male,"BOARD OF SECONDARY EDUCATION,ANDHRA PRADESH","BOARD OF INTERMEDIATE EDUCATION,ANDHRA PRADESH",SC,6.18,87334.0,31.190714285714286,6.2,0.0,6.0,6.12,6.59,5.82,6.19,6.31,5.0,3.0,2.0,3.0,2.0,5.0
ECE,86.2,67.2,Male,C.B.S.E,C.B.S.E,GEN,7.12,26014.0,9.290714285714285,6.56,0.0,0.0,6.12,6.18,6.18,6.63,7.125,5.0,3.0,2.0,5.0,0.0,5.0
ECE,96.0,80.0,Male,CBSE,CBSE,GEN,6.55,18639.0,6.656785714285714,7.01,0.0,0.0,6.6,6.7,7.2,7.5,7.4,6.0,5.0,1.0,5.0,1.0,5.0
ECE,85.2,75.6,Male,C.B.S.E,C.B.S.E,OBC,6.76,41549.0,14.838928571428571,6.5,0.0,1.0,6.53,6.41,6.29,6.13,6.68,2.0,1.0,1.0,0.0,2.0,5.0
ECE,76.6,60.1,Male,CBSE,BSEB,GEN,7.35,25977.0,9.2775,6.81,0.0,1.0,6.35,6.35,6.8,6.8125,7.2,4.0,1.0,3.0,4.0,0.0,5.0
ECE,85.0,70.0,Male,CBSE,CBSE,OBC,7.53,37034.0,13.226428571428572,7.41,0.0,0.0,7.06,7.41,7.29,7.69,7.5,3.0,1.0,2.0,3.0,0.0,5.0
ECE,92.0,87.0,Male,CBSE,CBSE,GEN,7.59,27151.0,9.696785714285713,7.81,0.0,0.0,7.76,7.65,7.76,8.31,8.06,9.0,3.0,6.0,2.0,7.0,5.0
ECE,82.2,78.9,Male,BSEB,BSEB,OBC,7.82,26958.0,9.627857142857144,7.63,0.0,0.0,7.94,7.59,7.47,7.31,7.44,4.0,2.0,2.0,1.0,3.0,5.0
ECE,82.4,68.0,Male,cbse,bihar school examination board,GEN,6.65,26527.0,9.473928571428571,6.7,0.0,0.0,6.24,6.59,6.41,7.19,7.12,0.0,0.0,0.0,0.0,0.0,5.0
ECE,89.4,77.4,Female,CBSE,CBSE,OBC,6.82,42106.0,15.037857142857144,6.94,0.0,0.0,7.76,7.06,7.18,8.06,7.44,4.0,2.0,2.0,4.0,0.0,0.0
ECE,80.2,77.0,Female,CBSE,CBSE,GEN,7.41,31059.0,11.0925,8.047,0.0,0.0,7.41,7.47,7.41,9.06,8.69,5.0,4.0,1.0,5.0,0.0,5.0
ECE,84.4,87.8,Male,CBSE,CBSE,GEN,6.82,26800.0,9.571428571428571,6.5,0.0,2.0,7.18,6.6,5.94,5.94,6.2,5.0,4.0,1.0,3.0,2.0,0.0
ECE,92.4,82.6,Female,ICSE,CBSE,OBC,7.29,45531.0,16.26107142857143,6.84,0.0,1.0,6.47,6.18,6.29,7.19,7.25,6.0,3.0,3.0,1.0,5.0,0.0
ECE,91.2,83.4,Male,CBSE,CBSE,GEN,7.24,24322.0,8.686428571428571,7.19,0.0,0.0,7.18,7.18,7.18,7.63,6.75,10.0,3.0,7.0,10.0,0.0,5.0
ECE,89.0,85.4,Male,CBSE,CBSE,GEN,7.06,26325.0,9.401785714285714,7.73,0.0,0.0,7.71,7.76,8.06,7.76,8.06,9.0,4.0,5.0,7.0,2.0,0.0
EEE,89.0,93.0,Male,CBSE,CBSE,GEN,8.0,24218.0,8.649285714285714,8.09,0.0,0.0,7.65,8.24,7.88,8.44,7.68,4.0,2.0,4.0,4.0,0.0,0.0
EEE,78.2,71.0,Male,BSEB,BSEB,SC,6.58,144474.0,51.597857142857144,6.13,0.0,4.0,5.82,6.0,6.18,6.0,6.19,6.0,4.0,2.0,6.0,0.0,5.0
EEE,68.6,64.4,Male,CBSE,CBSE,GEN,6.18,27844.0,9.944285714285714,6.78,0.0,0.0,6.82,6.82,7.24,6.88,6.5,4.0,3.0,1.0,4.0,0.0,0.0
EEE,69.2,78.0,Male,"BIHAR SCHOOL EXAMINATION BOARD,PATNA","BIHAR SCHOOL EXAMINATION BOARD,PATNA",GEN,7.76,34870.0,12.45357142857143,8.1,0.0,0.0,7.12,7.41,8.18,9.5,8.625,7.0,5.0,2.0,7.0,0.0,5.0
EEE,93.0,85.6,Male,ICSE,CBSE,GEN,7.88,28399.0,10.1425,7.5,0.0,0.0,7.12,7.12,7.0,7.94,7.88,2.0,2.0,0.0,2.0,0.0,0.0
EEE,88.8,82.6,Female,CBSE,CBSE,GEN,8.35,24285.0,8.673214285714286,8.47,0.0,0.0,7.94,8.24,8.41,9.25,8.63,4.0,1.0,3.0,2.0,2.0,5.0
EEE,83.4,80.4,Male,CBSE,CBSE,GEN,6.76,31432.0,11.225714285714286,7.13,0.0,0.0,7.06,6.82,6.47,8.31,7.43,4.0,3.0,1.0,4.0,0.0,5.0
EEE,84.4,71.4,Male,CBSE,BSEB,GEN,6.82,27719.0,9.899642857142856,6.7,0.0,1.0,6.52,6.29,6.65,7.25,6.81,0.0,0.0,0.0,0.0,0.0,0.0
EEE,75.57,69.22,Female,BIHAR BOARD,BIHAR BOARD,GEN,6.71,33805.0,12.073214285714286,6.85,0.0,0.0,6.52,6.29,6.82,7.5,7.31,5.0,3.0,2.0,5.0,0.0,5.0
EEE,75.0,66.0,Male,CBSE,CBSE,OBC,6.88,45379.0,16.206785714285715,6.51,0.0,3.0,6.59,6.18,6.6,6.44,6.37,3.0,1.0,2.0,1.0,2.0,5.0
EEE,84.0,72.0,Male,C.B.S.E.,C.B.S.E.,GEN,6.82,26580.0,9.492857142857142,6.62,0.0,2.0,6.65,6.65,6.47,6.62,6.63,3.0,1.0,2.0,3.0,0.0,0.0
EEE,78.0,70.0,Male,CBSE,CBSE,GEN,6.71,17385.0,6.208928571428571,6.15,0.0,4.0,6.0,5.58,6.04,6.44,6.13,3.0,2.0,1.0,3.0,0.0,0.0
EEE,89.2,73.2,Male,CBSE,CBSE,OBC,7.06,53614.0,19.14785714285714,6.6,0.0,1.0,6.65,5.82,7.06,6.31,6.68,4.0,3.0,1.0,2.0,2.0,0.0
EEE,91.8,69.2,Female,CBSE,CBSE,GEN,7.47,33366.0,11.916428571428572,7.58,0.0,0.0,7.82,6.82,7.65,8.31,7.44,3.0,1.0,2.0,3.0,3.0,0.0
EEE,93.6,91.25,Female,ICSE,ISC,GEN,8.35,27887.0,9.959642857142857,8.26,0.0,0.0,7.65,7.76,7.94,9.0,8.94,6.0,2.0,4.0,3.0,3.0,0.0
EEE,83.3,76.6,Male,CBSE,CBSE,GEN,7.65,31279.0,11.171071428571429,7.2,0.0,0.0,6.65,7.06,7.18,7.44,7.2,3.0,1.0,2.0,3.0,0.0,0.0
EEE,71.0,75.0,Male,ICSE,CBSE,OBC,5.88,39143.0,13.979642857142856,6.15,0.0,6.0,6.35,6.23,6.52,5.69,6.18,5.0,3.0,2.0,5.0,0.0,0.0
EEE,93.4,88.6,Male,CBSE,CBSE,GEN,7.35,18630.0,6.6535714285714285,7.81,0.0,0.0,7.53,7.0,7.88,8.75,8.37,4.0,2.0,2.0,4.0,0.0,0.0
EEE,90.4,81.2,Female,CBSE,CBSE,GEN,8.18,20217.0,7.220357142857143,8.12,0.0,0.0,8.24,7.71,7.88,8.56,8.18,6.0,4.0,2.0,6.0,0.0,0.0
EEE,81.0,86.4,Male,C.B.S.E.,C.B.S.E.,GEN,6.82,19448.0,6.945714285714286,6.66,0.0,0.0,6.59,6.29,6.71,6.44,6.63,3.0,2.0,1.0,3.0,0.0,0.0
EEE,90.2,86.6,Male,CBSE,CBSE,GEN,6.88,35238.0,12.585,7.42,0.0,0.0,7.06,7.47,7.65,8.06,7.43,8.0,3.0,5.0,8.0,0.0,0.0
EEE,90.16,80.6,Male,CBSE,CBSE,GEN,7.47,30325.0,10.830357142857142,7.11,0.0,0.0,6.82,6.65,7.06,7.81,6.88,4.0,3.0,1.0,4.0,0.0,0.0
EEE,90.8,88.8,Male,CBSE,CBSE,OBC,7.06,42689.0,15.246071428571428,7.12,0.0,0.0,7.35,6.94,7.35,7.0,7.0,5.0,3.0,3.0,5.0,0.0,0.0
EEE,94.2,88.6,Male,CBSE,CBSE,GEN,7.82,41527.0,14.831071428571429,7.71,0.0,0.0,7.0,7.29,7.82,8.25,8.06,2.0,1.0,1.0,1.0,1.0,0.0
EEE,70.0,72.6,Male,"Bihar School ExaminatiAon Board, Patna","Bihar School ExaminatiAon Board, Patna",OBC,6.35,58442.0,20.872142857142858,6.84,0.0,1.0,6.71,6.35,7.35,7.0,7.31,3.0,1.0,2.0,2.0,1.0,0.0
EEE,91.8,89.0,Female,C.B.S.E,C.B.S.E,GEN,7.71,28326.0,10.116428571428571,7.63,0.0,0.0,7.82,7.76,7.35,7.88,7.25,5.0,2.0,3.0,5.0,0.0,0.0
EEE,91.4,80.6,Male,CBSE,CBSE,GEN,7.06,29226.0,10.437857142857142,7.32,0.0,0.0,7.06,6.94,6.82,8.13,8.0,5.0,3.0,2.0,2.0,3.0,0.0
EEE,88.0,85.6,Female,CBSE,CBSE,GEN,8.06,34133.0,12.190357142857144,7.87,0.0,0.0,7.88,7.65,7.71,8.19,7.75,5.0,2.0,3.0,5.0,0.0,0.0
EEE,67.6,70.8,Male,"BIHAR SCHOOL EXAMINATION BOARD,PATNA","BIHAR SCHOOL EXAMINATION BOARD,PATNA",GEN,7.06,43162.0,15.415,7.31,0.0,0.0,6.88,7.12,7.35,8.13,7.94,4.0,3.0,1.0,4.0,0.0,0.0
EEE,72.4,69.4,Male,"Bihar Shool Examination Board ,Patna","Bihar School Examination Board ,Patna",GEN,6.71,28995.0,10.355357142857143,7.25,0.0,0.0,7.06,7.24,7.24,8.06,7.31,4.0,3.0,1.0,4.0,0.0,0.0
EEE,77.0,83.8,Female,CBSE,CBSE,OBC,7.82,47000.0,16.785714285714285,7.3,0.0,0.0,6.41,6.82,7.29,7.88,7.62,5.0,3.0,3.0,5.0,0.0,0.0
EEE,87.0,87.0,Male,cbse,cbse,GEN,7.82,40780.0,14.564285714285715,8.08,0.0,0.0,7.47,7.71,7.65,8.63,8.68,3.0,2.0,1.0,0.0,3.0,0.0
EEE,85.0,78.0,Male,CBSE,CBSE,GEN,7.35,26742.0,9.550714285714285,6.72,0.0,1.0,6.36,6.29,6.24,6.76,6.25,3.0,2.0,1.0,0.0,3.0,0.0
EEE,84.8,74.2,Female,CBSE,CBSE,GEN,6.47,33750.0,12.053571428571429,6.82,0.0,0.0,6.29,6.41,7.35,7.13,7.375,3.0,1.0,2.0,3.0,0.0,0.0
EEE,94.2,88.2,Male,CBSE,CBSE,GEN,7.71,34806.0,12.430714285714286,7.85,0.0,0.0,7.65,7.88,7.65,8.31,7.94,1.0,1.0,0.0,1.0,0.0,0.0
EEE,89.2,77.0,Male,C.B.S.E,C.B.S.E,GEN,7.12,43314.0,15.469285714285714,6.93,0.0,3.0,6.53,6.47,6.82,7.69,6.75,2.0,1.0,1.0,2.0,0.0,0.0
EEE,83.4,62.0,Male,CBSE,CBSE,GEN,6.66,35935.0,12.833928571428572,6.73,0.0,0.0,6.88,6.12,6.82,7.19,6.8,2.0,0.0,2.0,2.0,0.0,0.0
EEE,72.43,61.11,Male,BIHAR BOARD,BIHAR BOARD,GEN,6.12,38204.0,13.644285714285715,6.428,0.0,2.0,6.3,6.53,6.41,6.81,6.75,7.0,3.0,4.0,7.0,0.0,0.0
EEE,71.6,73.4,Male,bihar school examination board,bihar school examination board,OBC,6.65,28219.0,10.078214285714285,6.64,0.0,0.0,6.53,6.71,6.65,6.69,7.25,4.0,1.0,3.0,4.0,0.0,0.0
EEE,86.0,75.2,Male,CBSE,CBSE,GEN,6.9,27108.0,9.68142857142857,6.5,0.0,2.0,5.96,5.76,7.0,6.63,6.75,6.0,1.0,5.0,6.0,0.0,0.0
EEE,88.0,80.0,Male,C.B.S.E.,C.B.S.E.,GEN,7.18,20821.0,7.436071428571428,7.07,0.0,0.0,7.06,6.59,7.24,7.31,7.06,0.0,0.0,0.0,0.0,0.0,0.0
EEE,84.4,72.8,Male,CBSE,CBSE,GEN,6.88,25505.0,9.10892857142857,7.28,0.0,0.0,6.65,7.18,7.59,8.13,7.3125,2.0,2.0,0.0,2.0,0.0,0.0
EEE,90.6,87.66,Male,CBSE,CBSE,GEN,8.24,44626.0,15.937857142857142,7.74,0.0,0.0,7.24,7.94,7.24,8.06,7.19,4.0,2.0,2.0,4.0,0.0,0.0
EEE,92.8,89.6,Male,Central Board of Secondary Education,Central Board of Secondary Education,GEN,8.0,20917.0,7.470357142857143,7.58,0.0,0.0,7.47,7.65,7.12,7.44,7.81,0.0,0.0,0.0,0.0,0.0,0.0
EEE,79.0,73.0,Male,RBSE,RBSE,GEN,6.35,20530.0,7.332142857142857,6.53,0.0,3.0,6.0,6.29,6.76,7.25,6.5,0.0,0.0,0.0,0.0,0.0,0.0
EEE,83.0,81.6,Male,ICSE,CBSE,GEN,8.35,18135.0,6.476785714285715,7.54,0.0,0.0,7.41,7.18,7.0,7.75,7.37,0.0,0.0,0.0,0.0,0.0,0.0
IT,88.2,82.4,Male,CBSE,CBSE,GEN,7.24,38603.0,13.786785714285715,7.45,0.0,0.0,7.24,7.18,7.0,7.94,8.19,2.0,0.0,2.0,2.0,0.0,0.0
IT,91.2,76.6,Female,CBSE,CBSE,GEN,7.88,33053.0,11.804642857142857,7.7,0.0,0.0,6.88,7.47,7.21,7.63,8.69,0.0,0.0,3.0,0.0,0.0,2.0
IT,81.14,62.55,Male,B.S.E.B,B.S.E.B,OBC,6.19,106163.0,37.91535714285714,7.0,0.0,4.0,6.59,6.88,6.47,7.19,8.0,0.0,0.0,0.0,0.0,0.0,0.0
IT,73.4,81.9,Male,CBSE,ANDHRA PRADESH BOARD,OBC,5.76,37581.0,13.421785714285715,6.5,0.0,7.0,6.29,6.41,6.0,7.19,7.43,2.0,1.0,1.0,1.0,1.0,5.0
IT,89.2,77.8,Female,CBSE,CBSE,OBC,6.94,87428.0,31.224285714285713,6.85,0.0,4.0,6.52,6.52,6.12,7.185,7.94,6.0,2.0,4.0,6.0,0.0,0.0
IT,84.57,61.0,Female,CBSE,CBSE,SC,6.41,90000.0,32.142857142857146,6.71,0.0,4.0,6.05,6.11,6.11,7.13,8.5,0.0,0.0,0.0,6.0,0.0,0.0
IT,91.0,86.7,Male,CBSE,CBSE,GEN,7.59,30080.0,10.742857142857142,6.63,0.0,1.0,7.47,6.59,5.88,6.05,6.13,2.0,1.0,1.0,1.0,1.0,0.0
IT,86.2,78.4,Male,C.B.S.E,C.B.S.E,SC,7.06,167446.0,59.802142857142854,6.67,0.0,5.0,6.41,6.29,6.23,6.93,7.125,4.0,1.0,3.0,3.0,1.0,0.0
IT,90.8,78.8,Female,ICSE,CBSE,GEN,8.29,34269.0,12.238928571428572,8.16,0.0,0.0,7.47,7.76,7.76,8.56,9.0,0.0,0.0,0.0,0.0,0.0,0.0
IT,94.0,84.0,Male,CBSE,CBSE,GEN,7.65,31228.0,11.152857142857142,7.05,0.0,2.0,6.59,6.12,6.9,6.7,7.81,2.0,2.0,1.0,2.0,0.0,0.0
IT,87.2,82.6,Male,CBSE,CBSE,GEN,7.65,36871.0,13.168214285714285,7.51,0.0,0.0,7.12,6.41,7.12,7.94,8.94,6.0,4.0,2.0,2.0,4.0,0.0
IT,78.14,81.8,Male,I.C.S.E.,C.B.S.E,SC,6.94,144154.0,51.48357142857143,6.85,0.0,2.0,6.24,6.11,6.65,7.63,7.63,4.0,4.0,0.0,4.0,0.0,5.0
IT,90.0,89.0,Male,ICSE,ISCE,GEN,7.29,39139.0,13.978214285714285,7.1,0.0,0.0,7.12,6.29,6.47,7.0,8.31,5.0,2.0,3.0,5.0,0.0,0.0
IT,92.6,83.8,Female,i.c.s.e,c.b.s.e,OBC,8.35,50893.0,18.17607142857143,8.06,0.0,0.0,7.53,7.12,7.41,8.75,9.31,5.0,2.0,3.0,5.0,0.0,0.0
IT,87.83,77.85,Male,RAJASTHAN BOARD,RAJASTHAN BOARD,GEN,7.71,37430.0,13.367857142857142,7.53,0.0,0.0,7.47,6.65,7.12,8.44,7.81,6.0,5.0,1.0,6.0,0.0,0.0
MECH,75.8,75.6,Male,CBSE,CBSE,GEN,7.06,23470.0,8.382142857142858,7.02,0.0,0.0,7.12,6.59,6.76,7.81,7.69,6.0,2.0,4.0,6.0,0.0,0.0
MECH,81.0,79.0,Male,cbse,cbse,GEN,6.51,20908.0,7.467142857142857,7.0,0.0,1.0,6.47,6.41,7.12,7.35,7.94,6.0,4.0,2.0,4.0,2.0,5.0
MECH,90.2,87.2,Male,CBSE,CBSE,GEN,6.82,16319.0,5.828214285714286,7.23,0.0,0.0,6.53,7.35,7.06,8.06,8.31,6.0,4.0,2.0,4.0,2.0,5.0
MECH,87.0,81.2,Male,C.B.S.E.,C.B.S.E.,GEN,8.18,19611.0,7.003928571428571,8.73,0.0,0.0,8.29,8.82,8.53,9.5,9.44,3.0,2.0,1.0,3.0,0.0,0.0
MECH,81.8,85.6,Male,CBSE,CBSE,GEN,7.53,23848.0,8.517142857142858,7.4,0.0,0.0,7.47,7.0,6.53,8.06,8.06,6.0,5.0,1.0,4.0,2.0,0.0
MECH,89.4,86.33,Male,ICSE,Goa Board for Secondary and Higher Secondary Education,GEN,7.94,11814.0,4.219285714285714,7.7,0.0,0.0,7.35,7.71,7.18,8.69,6.81,3.0,1.0,2.0,2.0,1.0,5.0
MECH,77.16,80.8,Male,U.P. BOARD,U.P. BOARD,GEN,7.65,19638.0,7.013571428571429,8.15,0.0,0.0,7.76,8.18,8.35,9.19,8.94,0.0,0.0,0.0,0.0,0.0,0.0
MECH,85.0,70.0,Male,CBSE,CBSE,OBC,7.12,54014.0,19.290714285714287,6.32,0.0,2.0,6.59,6.0,6.0,6.13,6.31,2.0,0.0,2.0,2.0,0.0,4.0
MECH,92.4,92.2,Male,I.C.S.E.,I.S.C,GEN,7.41,21390.0,7.639285714285714,7.4,0.0,0.0,7.06,6.82,7.65,8.19,7.25,2.0,0.0,2.0,2.0,0.0,4.0
MECH,84.0,86.0,Male,ICSE,ISC,GEN,7.29,22221.0,7.936071428571428,7.15,0.0,0.0,6.71,6.82,7.06,8.25,6.81,2.0,0.0,2.0,2.0,0.0,4.0
MECH,67.4,62.4,Male,Bihar Board,Bihar Board,SC,6.35,120883.0,43.1725,6.23,0.0,3.0,6.0,6.06,6.06,6.81,7.25,5.0,3.0,2.0,4.0,1.0,5.0
MECH,85.4,82.0,Male,CBSE,CBSE,GEN,7.41,20427.0,7.295357142857143,7.21,0.0,0.0,6.76,6.53,7.12,8.69,7.94,0.0,0.0,0.0,0.0,0.0,0.0
MECH,81.6,72.0,Male,BSEB,BSEB,GEN,6.23,25729.0,9.188928571428571,7.31,0.0,0.0,6.42,7.65,7.42,8.5,8.19,4.0,2.0,2.0,4.0,0.0,0.0
MECH,87.8,83.4,Male,CBSE,CBSE,GEN,7.47,23141.0,8.264642857142857,8.2,0.0,0.0,7.18,8.29,8.41,9.44,8.56,4.0,2.0,2.0,4.0,0.0,0.0
MECH,88.6,78.8,Male,CBSE,CBSE,GEN,7.65,26002.0,9.286428571428571,7.98,0.0,0.0,7.43,7.06,8.0,8.94,8.88,4.0,3.0,1.0,4.0,0.0,4.0
MECH,79.0,62.0,Male,CBSE,BSEB,GEN,6.41,23169.0,8.274642857142856,6.57,0.0,1.0,6.47,6.82,6.18,6.94,8.56,3.0,1.0,2.0,3.0,0.0,0.0
MECH,89.8,86.2,Female,CBSE,CBSE,GEN,8.06,19960.0,7.128571428571429,7.81,0.0,0.0,7.59,7.12,7.65,8.63,8.56,4.0,3.0,1.0,4.0,0.0,4.0
MECH,71.2,73.6,Male,BSEB,CBSE,GEN,7.24,24002.0,8.572142857142858,7.91,0.0,0.0,6.53,8.06,7.94,9.06,8.56,4.0,3.0,1.0,4.0,0.0,4.0
MECH,93.0,84.2,Male,CBSE,CBSE,GEN,7.65,22319.0,7.971071428571428,7.75,0.0,0.0,6.71,7.59,7.41,8.94,8.5,4.0,3.0,1.0,4.0,0.0,4.0
MECH,75.4,70.2,Male,BSEB,BSEB,GEN,6.76,24842.0,8.872142857142856,7.24,0.0,0.0,7.41,7.41,6.94,7.81,7.5,4.0,1.0,3.0,4.0,0.0,0.0
MECH,82.0,86.4,Male,CBSE,CBSE,GEN,7.71,18405.0,6.573214285714286,7.98,0.0,0.0,7.59,7.53,7.76,8.75,8.81,0.0,0.0,0.0,0.0,0.0,4.0
MECH,85.14,88.2,Male,I.C.S.E.,C.B.S.E.,GEN,7.59,23334.0,8.333571428571428,8.31,0.0,0.0,7.71,8.29,8.35,9.13,8.88,3.0,1.0,2.0,3.0,0.0,0.0
MECH,91.6,86.8,Male,Haryana Board,CBSE Board,GEN,7.12,19368.0,6.917142857142857,7.13,0.0,0.0,6.94,6.71,7.06,8.13,7.81,0.0,0.0,0.0,0.0,0.0,0.0
MECH,65.4,73.2,Male,BSEB,BSEB,OBC,7.18,38781.0,13.850357142857144,7.14,0.0,1.0,6.76,6.53,6.41,7.56,8.25,2.0,1.0,1.0,2.0,0.0,4.0
PROD,75.8,60.6,Male,C.B.S.E,C.B.S.E,GEN,6.52,41047.0,14.659642857142858,6.84,0.0,5.0,6.5,5.94,6.53,7.75,7.81,4.0,1.0,3.0,4.0,0.0,0.0
PROD,81.2,70.46,Male,"BIHAR SCHOOL EXAMINATION BOARD, PATNA","BOARD OF SECONDARY EDUCATION, RAJASTHAN",OBC,7.0,42777.0,15.2775,7.17,0.0,0.0,6.59,6.41,6.71,7.94,8.5,7.0,3.0,4.0,7.0,0.0,0.0
PROD,88.2,81.88,Female,CBSE,CBSE,GEN,7.47,41105.0,14.680357142857142,7.613,0.0,0.0,7.36,7.18,7.76,8.38,8.13,4.0,2.0,2.0,4.0,0.0,5.0
PROD,78.2,73.4,Male,B.S.E.B,H.S.E.B,OBC,7.41,103289.0,36.88892857142857,7.59,0.0,0.0,7.18,6.88,7.24,8.75,8.13,6.0,3.0,3.0,6.0,0.0,5.0
PROD,78.8,66.0,Male,CBSE,CBSE,ST,6.35,100000.0,35.714285714285715,6.44,0.0,3.0,6.35,6.06,6.0,6.94,7.0,3.0,3.0,0.0,3.0,0.0,5.0
PROD,91.0,81.0,Male,CBSE,CBSE,GEN,7.0,36706.0,13.109285714285715,7.07,0.0,0.0,6.65,6.47,6.71,7.94,7.75,0.0,4.0,0.0,4.0,0.0,5.0
PROD,91.2,80.6,Male,ICSE,CBSE,GEN,74.7,39792.0,14.211428571428572,7.36,0.0,2.0,71.8,67.2,72.9,81.9,7.69,4.0,1.0,3.0,4.0,0.0,5.0
PROD,79.4,63.2,Male,CENTRAL BOARD OF SECONDARY EDUCATION,CENTRAL BOARD OF SECONDARY EDUCATION,OBC,6.71,114306.0,40.82357142857143,6.89,0.0,0.0,6.12,6.41,6.88,7.44,7.69,1.0,1.0,0.0,1.0,0.0,5.0
PROD,87.4,83.2,Male,CBSE,CBSE,GEN,7.18,40000.0,14.285714285714286,7.69,0.0,0.0,6.88,7.06,7.88,8.56,8.69,2.0,1.0,1.0,1.0,1.0,5.0
,,,,,,,,279839.0,,,,,,,,,,,,,,,
