student_key,semester_key,student_id_perf,semester_no,sgpa
1,1,1,1,0.0
2,1,2,1,0.0
3,1,5,1,0.0
4,1,6,1,0.0
5,1,1108,1,4.9
6,1,1141,1,0.0
7,1,1142,1,3.15
8,1,1143,1,0.0
9,1,1145,1,0.0
10,1,1146,1,0.0
11,1,1147,1,3.12
12,1,1148,1,0.0
13,1,1149,1,2.56
14,1,1150,1,0.0
15,1,1152,1,0.0
16,1,1153,1,4.14
17,1,1156,1,0.0
18,1,1157,1,0.0
19,1,1159,1,0.0
20,1,1160,1,0.0
21,1,1352,1,0.0
22,1,1353,1,2.87
23,1,1354,1,0.0
24,1,1366,1,0.0
25,1,1368,1,0.0
26,1,1568,1,0.0
27,1,1776,1,0.0
28,1,1981,1,0.0
29,1,2118,1,0.0
30,1,2132,1,7.55
31,1,2189,1,0.0
32,1,2191,1,0.0
33,1,2197,1,0.0
34,1,2200,1,0.0
35,1,2201,1,0.0
36,1,2207,1,0.0
37,1,2208,1,0.0
38,1,2219,1,5.15
39,1,2222,1,0.0
40,1,2224,1,0.0
41,1,2225,1,0.0
42,1,2234,1,0.0
43,1,2235,1,0.0
44,1,2248,1,0.0
45,1,2249,1,0.0
46,1,2250,1,0.0
47,1,2251,1,0.0
48,1,2257,1,6.89
49,1,2644,1,5.34
50,1,3039,1,0.0
51,1,3043,1,0.0
52,1,3049,1,0.0
53,1,3052,1,0.0
54,1,3056,1,0.0
55,1,3058,1,0.0
56,1,3093,1,7.51
57,1,3365,1,6.0
58,1,3704,1,6.0
59,1,3920,1,6.03
60,1,3928,1,6.0
61,1,3945,1,6.0
62,1,3953,1,5.18
63,1,3955,1,6.0
64,1,3957,1,6.0
65,1,3962,1,6.0
66,1,3968,1,6.0
67,1,3973,1,6.0
68,1,3976,1,6.0
69,1,3977,1,6.0
70,1,3980,1,6.0
71,1,3984,1,6.0
72,1,3993,1,5.82
73,1,4001,1,6.0
74,1,4002,1,6.0
75,1,4014,1,6.0
76,1,4019,1,6.29
77,1,4020,1,6.0
78,1,4034,1,6.0
79,1,4036,1,6.0
80,1,4258,1,4.45
81,1,4263,1,6.0
82,1,4264,1,6.0
83,1,4269,1,6.0
84,1,4270,1,6.0
85,1,4271,1,6.0
86,1,4274,1,4.0
87,1,4280,1,6.0
88,1,4281,1,6.0
89,1,4288,1,6.0
90,1,4316,1,5.54
91,1,4335,1,6.0
92,1,4337,1,6.0
93,1,4340,1,6.0
94,1,4342,1,6.0
95,1,4343,1,6.0
96,1,4346,1,6.0
97,1,4349,1,6.0
98,1,4350,1,6.06
99,1,4352,1,6.0
100,1,4356,1,6.0
101,1,4432,1,6.0
102,1,4442,1,6.0
103,1,4488,1,6.0
104,1,4521,1,6.0
105,1,4688,1,5.68
106,1,5071,1,6.0
107,1,5072,1,4.33
108,1,5073,1,6.0
109,1,5075,1,6.0
110,1,5077,1,6.0
111,1,5079,1,5.3
112,1,5081,1,6.0
113,1,5085,1,6.0
114,1,5086,1,6.0
115,1,5087,1,6.0
116,1,5090,1,6.0
117,1,5091,1,6.0
118,1,5092,1,6.0
119,1,5093,1,6.0
120,1,5094,1,4.61
121,1,5095,1,6.0
122,1,5099,1,6.0
123,1,5102,1,6.0
124,1,5103,1,6.0
125,1,5108,1,6.0
126,1,5117,1,7.0
127,1,5122,1,6.0
128,1,5123,1,6.57
129,1,5124,1,6.0
130,1,5125,1,6.0
131,1,5130,1,6.0
132,1,5136,1,6.0
133,1,9970,1,6.0
134,1,9971,1,6.0
135,1,9972,1,6.0
136,1,9974,1,6.0
137,1,9985,1,6.0
138,1,9986,1,6.0
139,1,9988,1,6.0
140,1,9991,1,6.0
141,1,9992,1,6.0
142,1,9994,1,6.0
143,1,9995,1,6.0
144,1,9996,1,4.36
145,1,10000,1,6.0
146,1,10003,1,6.0
147,1,10004,1,6.0
148,1,10005,1,7.73
149,1,10006,1,6.0
150,1,10007,1,6.0
151,1,10008,1,6.0
152,1,10009,1,6.0
153,1,10010,1,6.0
154,1,10011,1,6.0
155,1,10012,1,6.0
156,1,10013,1,6.0
157,1,10014,1,6.0
158,1,10015,1,6.0
159,1,10016,1,6.0
160,1,10021,1,6.0
161,1,10022,1,6.0
162,1,10028,1,6.0
163,1,10030,1,6.0
164,1,10031,1,6.0
165,1,10033,1,6.0
166,1,10036,1,6.0
167,1,10043,1,6.0
168,1,10044,1,6.0
169,1,10047,1,6.0
170,1,10048,1,5.86
171,1,10049,1,6.0
172,1,10053,1,6.09
173,1,10054,1,6.0
174,1,10056,1,6.0
175,1,10061,1,6.0
176,1,10062,1,6.0
177,1,10065,1,6.0
178,1,10066,1,6.0
179,1,10076,1,6.0
180,1,10077,1,6.0
181,1,10086,1,6.0
182,1,10087,1,6.0
183,1,10088,1,6.0
184,1,10095,1,6.0
185,1,10097,1,5.0
186,1,10098,1,6.0
187,1,10099,1,4.73
188,1,10102,1,6.0
189,1,10103,1,6.0
190,1,10104,1,6.0
191,1,10105,1,6.0
192,1,10108,1,6.0
193,1,10109,1,6.0
194,1,10111,1,6.0
195,1,10113,1,6.0
196,1,10114,1,6.0
197,1,10117,1,7.73
198,1,10118,1,4.09
199,1,10119,1,6.0
200,1,10120,1,6.0
201,1,10122,1,6.32
202,1,10127,1,6.0
203,1,10132,1,6.0
204,1,10136,1,6.0
205,1,10143,1,6.0
206,1,10145,1,2.5
207,1,10146,1,6.0
208,1,10147,1,6.0
209,1,10149,1,6.0
210,1,10150,1,6.0
211,1,10151,1,3.82
212,1,10152,1,6.0
213,1,10161,1,2.14
214,1,10162,1,6.0
215,1,10164,1,6.0
216,1,10272,1,6.0
217,1,10273,1,6.0
218,1,10274,1,6.0
219,1,10275,1,6.0
220,1,10276,1,7.82
221,1,10277,1,6.0
222,1,10278,1,6.0
223,1,10279,1,6.0
224,1,10285,1,6.0
225,1,10288,1,6.0
226,1,10356,1,6.0
227,1,10361,1,6.0
228,1,10362,1,2.14
229,1,10370,1,6.0
230,1,10374,1,6.0
231,1,10382,1,6.0
232,1,10400,1,6.0
233,1,10401,1,6.0
234,1,10403,1,6.0
235,1,10404,1,6.0
236,1,10407,1,6.0
237,1,10408,1,6.0
238,1,10411,1,6.0
239,1,10415,1,6.0
240,1,10420,1,6.0
241,1,10423,1,6.0
242,1,10425,1,6.0
243,1,10428,1,6.0
244,1,10429,1,6.0
245,1,10433,1,5.82
246,1,10436,1,6.0
247,1,10447,1,6.0
248,1,10448,1,6.0
249,1,10449,1,6.0
250,1,10455,1,6.0
251,1,10459,1,6.0
252,1,10461,1,8.18
253,1,10473,1,6.0
254,1,10475,1,6.0
255,1,10506,1,6.0
256,1,10622,1,6.0
257,1,11027,1,6.0
258,1,11605,1,6.0
259,1,12497,1,6.0
260,1,12504,1,6.0
261,1,12508,1,6.0
262,1,12593,1,6.0
263,1,12633,1,6.0
264,1,12639,1,6.25
265,1,12641,1,6.0
266,1,12642,1,6.0
267,1,12646,1,6.0
268,1,12647,1,6.0
269,1,12649,1,6.0
270,1,12651,1,6.0
271,1,12655,1,6.0
272,1,12660,1,6.0
273,1,12661,1,6.0
274,1,12662,1,6.0
275,1,12669,1,6.0
276,1,12670,1,6.0
277,1,12675,1,6.0
278,1,12676,1,6.0
279,1,12677,1,6.0
280,1,12679,1,7.82
281,1,12682,1,6.0
282,1,12683,1,6.0
283,1,12685,1,6.0
284,1,12688,1,6.0
285,1,12693,1,8.32
286,1,12695,1,6.0
287,1,12716,1,6.0
288,1,12723,1,6.0
289,1,12724,1,6.0
290,1,12732,1,6.0
291,1,12742,1,6.0
292,1,12745,1,6.0
293,1,12751,1,6.0
294,1,12752,1,6.0
295,1,12757,1,6.0
296,1,12758,1,6.82
297,1,12759,1,6.0
298,1,12762,1,6.0
299,1,12763,1,6.0
300,1,12765,1,6.0
301,1,12767,1,6.0
302,1,12770,1,6.0
303,1,12771,1,6.0
304,1,12775,1,6.0
305,1,12777,1,6.45
306,1,12790,1,6.0
307,1,12791,1,7.0
308,1,12793,1,6.0
309,1,12800,1,6.0
310,1,12803,1,6.0
311,1,12804,1,6.0
312,1,12811,1,6.0
313,1,12815,1,6.0
314,1,12831,1,6.0
315,1,12835,1,6.0
316,1,12868,1,6.0
317,1,12882,1,6.95
318,1,12885,1,6.0
319,1,12890,1,6.0
320,1,12891,1,6.0
321,1,12892,1,6.0
322,1,12901,1,6.0
323,1,12902,1,4.27
324,1,12909,1,6.0
325,1,12943,1,6.0
326,1,12977,1,6.0
327,1,12988,1,6.0
328,1,13049,1,6.0
329,1,13065,1,0.0
330,1,13081,1,6.0
331,1,13097,1,2.64
332,1,13113,1,6.0
333,1,13120,1,6.0
334,1,13121,1,6.0
335,1,13127,1,6.0
336,1,13161,1,6.0
337,1,13162,1,6.0
338,1,13163,1,9.45
339,1,13164,1,6.0
340,1,13165,1,6.0
341,1,13166,1,6.0
342,1,13168,1,6.0
343,1,13172,1,6.0
344,1,13186,1,6.0
345,1,13187,1,6.0
346,1,13192,1,6.0
347,1,13193,1,9.09
348,1,13196,1,6.0
349,1,13209,1,6.0
350,1,13223,1,6.0
351,1,13249,1,6.0
352,1,13251,1,6.0
353,1,13275,1,6.0
354,1,13344,1,6.0
355,1,13604,1,6.09
356,1,13626,1,6.0
357,1,13655,1,6.0
358,1,13674,1,6.0
359,1,13677,1,6.0
360,1,13709,1,6.0
361,1,13738,1,6.0
362,1,14065,1,6.0
363,1,14066,1,6.0
364,1,14146,1,6.0
365,1,15241,1,6.0
366,1,15243,1,6.0
367,1,15244,1,6.0
368,1,15245,1,6.0
369,1,15286,1,6.0
370,1,15293,1,6.0
371,1,15303,1,5.27
372,1,15304,1,6.0
373,1,15305,1,6.0
374,1,15310,1,7.0
375,1,15311,1,6.0
376,1,15321,1,6.0
377,1,15322,1,6.0
378,1,15323,1,6.0
379,1,15325,1,6.0
380,1,15326,1,6.0
381,1,15330,1,6.0
382,1,15338,1,6.0
383,1,15346,1,6.0
384,1,15348,1,7.55
385,1,15349,1,6.0
386,1,15354,1,6.0
387,1,15359,1,6.0
388,1,15362,1,8.09
389,1,15363,1,6.0
390,1,15364,1,6.0
391,1,15365,1,6.0
392,1,15367,1,6.0
393,1,15371,1,6.0
394,1,15374,1,6.0
395,1,15379,1,6.0
396,1,15380,1,6.0
397,1,15381,1,6.0
398,1,15385,1,6.0
399,1,15389,1,6.0
400,1,15393,1,6.0
401,1,15396,1,8.36
402,1,15399,1,6.0
403,1,15400,1,6.0
404,1,15401,1,6.82
405,1,15402,1,6.0
406,1,15403,1,6.0
407,1,15405,1,6.0
408,1,15406,1,6.0
409,1,15407,1,6.0
410,1,15410,1,6.0
411,1,15414,1,6.0
412,1,15415,1,6.0
413,1,15417,1,6.0
414,1,15422,1,6.0
415,1,15431,1,6.0
416,1,15432,1,6.0
417,1,15436,1,6.0
418,1,15437,1,7.45
419,1,15444,1,6.0
420,1,15449,1,6.0
421,1,15450,1,6.0
422,1,15454,1,6.0
423,1,15457,1,6.0
424,1,15458,1,6.0
425,1,15460,1,6.0
426,1,15461,1,6.0
427,1,15467,1,6.0
428,1,15469,1,6.0
429,1,15471,1,6.0
430,1,15473,1,6.0
431,1,15481,1,5.36
432,1,15482,1,4.59
433,1,15483,1,6.0
434,1,15485,1,6.0
435,1,15487,1,6.0
436,1,15488,1,6.0
437,1,15494,1,6.0
438,1,15497,1,6.0
439,1,15500,1,6.0
440,1,15502,1,5.91
441,1,15504,1,6.0
442,1,15505,1,6.0
443,1,15507,1,6.0
444,1,15509,1,6.0
445,1,15512,1,6.0
446,1,15513,1,6.0
447,1,15514,1,6.0
448,1,15516,1,6.0
449,1,15517,1,6.0
450,1,15519,1,6.0
451,1,15523,1,6.0
452,1,15524,1,6.0
453,1,15543,1,6.64
454,1,15553,1,6.0
455,1,15554,1,6.0
456,1,15555,1,6.0
457,1,15559,1,6.0
458,1,15561,1,6.0
459,1,15566,1,6.0
460,1,15569,1,6.0
461,1,15570,1,6.0
462,1,15571,1,4.82
463,1,15577,1,6.0
464,1,15579,1,6.0
465,1,15581,1,6.0
466,1,15589,1,6.0
467,1,15591,1,6.0
468,1,15593,1,6.0
469,1,15602,1,6.0
470,1,15616,1,5.0
471,1,15617,1,6.0
472,1,15624,1,6.0
473,1,15628,1,6.0
474,1,15630,1,6.0
475,1,15635,1,6.0
476,1,15659,1,6.0
477,1,15660,1,3.5
478,1,15669,1,6.0
479,1,15675,1,6.0
480,1,15683,1,7.82
481,1,15690,1,6.0
482,1,15712,1,6.0
483,1,15722,1,6.0
484,1,15725,1,6.0
485,1,15744,1,6.0
486,1,15745,1,6.0
487,1,15746,1,6.0
488,1,15749,1,6.0
489,1,15750,1,6.18
490,1,15759,1,7.91
491,1,15763,1,6.0
492,1,15767,1,6.0
493,1,15768,1,6.0
494,1,15774,1,6.0
495,1,15779,1,6.0
496,1,15781,1,6.0
497,1,15798,1,6.0
498,1,15981,1,8.64
499,1,15999,1,6.0
500,1,16000,1,6.0
501,1,16001,1,6.0
502,1,16028,1,6.0
503,1,16030,1,6.0
504,1,16064,1,6.0
505,1,16074,1,6.0
506,1,16079,1,6.0
507,1,16081,1,8.32
508,1,16082,1,6.0
509,1,16083,1,6.0
510,1,16084,1,6.0
511,1,16085,1,6.0
512,1,16455,1,6.0
513,1,16873,1,9.23
514,1,16953,1,6.0
1,2,1,2,6.9
2,2,2,2,0.0
3,2,5,2,0.0
4,2,6,2,0.0
5,2,1108,2,0.0
6,2,1141,2,0.0
7,2,1142,2,0.0
8,2,1143,2,0.0
9,2,1145,2,0.0
10,2,1146,2,5.72
11,2,1147,2,0.0
12,2,1148,2,0.0
13,2,1149,2,0.0
14,2,1150,2,0.0
15,2,1152,2,0.0
16,2,1153,2,0.0
17,2,1156,2,0.0
18,2,1157,2,0.0
19,2,1159,2,0.0
20,2,1160,2,0.0
21,2,1352,2,0.0
22,2,1353,2,0.0
23,2,1354,2,0.0
24,2,1366,2,0.0
25,2,1368,2,0.0
26,2,1568,2,0.0
27,2,1776,2,0.0
28,2,1981,2,0.0
29,2,2118,2,0.0
30,2,2132,2,0.0
31,2,2189,2,0.0
32,2,2191,2,8.34
33,2,2197,2,0.0
34,2,2200,2,7.21
35,2,2201,2,0.0
36,2,2207,2,0.0
37,2,2208,2,0.0
38,2,2219,2,0.0
39,2,2222,2,0.0
40,2,2224,2,9.1
41,2,2225,2,0.0
42,2,2234,2,0.0
43,2,2235,2,0.0
44,2,2248,2,0.0
45,2,2249,2,0.0
46,2,2250,2,0.0
47,2,2251,2,0.0
48,2,2257,2,0.0
49,2,2644,2,0.0
50,2,3039,2,0.0
51,2,3043,2,0.0
52,2,3049,2,0.0
53,2,3052,2,8.15
55,2,3058,2,0.0
56,2,3093,2,0.0
57,2,3365,2,7.61
58,2,3704,2,6.0
59,2,3920,2,6.0
60,2,3928,2,6.0
61,2,3945,2,6.0
62,2,3953,2,6.0
63,2,3955,2,6.0
64,2,3957,2,6.0
65,2,3962,2,6.0
66,2,3968,2,6.0
67,2,3973,2,6.0
68,2,3976,2,8.76
69,2,3977,2,6.0
70,2,3980,2,6.0
71,2,3984,2,6.0
72,2,3993,2,6.0
73,2,4001,2,9.14
74,2,4002,2,6.0
76,2,4019,2,6.0
77,2,4020,2,6.0
78,2,4034,2,7.18
79,2,4036,2,6.0
80,2,4258,2,6.0
81,2,4263,2,6.0
82,2,4264,2,6.0
83,2,4269,2,6.0
84,2,4270,2,6.0
85,2,4271,2,6.0
86,2,4274,2,6.0
87,2,4280,2,6.0
88,2,4281,2,7.29
89,2,4288,2,6.0
90,2,4316,2,6.0
91,2,4335,2,9.0
92,2,4337,2,6.0
93,2,4340,2,6.0
94,2,4342,2,6.0
95,2,4343,2,6.0
96,2,4346,2,6.0
97,2,4349,2,6.0
98,2,4350,2,6.0
99,2,4352,2,8.25
100,2,4356,2,6.0
101,2,4432,2,6.0
102,2,4442,2,6.0
103,2,4488,2,6.0
104,2,4521,2,6.0
105,2,4688,2,6.0
106,2,5071,2,6.0
107,2,5072,2,6.79
108,2,5073,2,6.0
110,2,5077,2,6.0
111,2,5079,2,6.0
112,2,5081,2,6.11
113,2,5085,2,6.0
114,2,5086,2,6.0
115,2,5087,2,6.0
116,2,5090,2,6.0
117,2,5091,2,6.0
118,2,5092,2,6.0
119,2,5093,2,4.94
120,2,5094,2,6.0
121,2,5095,2,6.0
122,2,5099,2,6.0
123,2,5102,2,6.0
124,2,5103,2,6.0
125,2,5108,2,5.54
126,2,5117,2,6.0
127,2,5122,2,6.0
128,2,5123,2,6.0
132,2,5136,2,6.0
133,2,9970,2,6.0
134,2,9971,2,6.0
135,2,9972,2,6.0
136,2,9974,2,6.0
137,2,9985,2,6.0
138,2,9986,2,8.33
139,2,9988,2,6.0
140,2,9991,2,6.0
141,2,9992,2,6.0
142,2,9994,2,6.0
143,2,9995,2,6.0
144,2,9996,2,6.0
145,2,10000,2,6.0
146,2,10003,2,8.64
147,2,10004,2,6.0
148,2,10005,2,6.0
149,2,10006,2,6.0
150,2,10007,2,6.0
152,2,10009,2,6.0
153,2,10010,2,6.0
154,2,10011,2,6.0
155,2,10012,2,6.0
156,2,10013,2,6.0
157,2,10014,2,6.0
158,2,10015,2,8.08
159,2,10016,2,6.0
160,2,10021,2,6.0
161,2,10022,2,6.0
162,2,10028,2,6.0
163,2,10030,2,6.0
164,2,10031,2,6.0
165,2,10033,2,7.0
166,2,10036,2,6.0
167,2,10043,2,6.0
168,2,10044,2,6.0
169,2,10047,2,7.45
170,2,10048,2,6.0
171,2,10049,2,6.0
172,2,10053,2,6.0
173,2,10054,2,6.0
174,2,10056,2,6.0
175,2,10061,2,6.0
176,2,10062,2,6.0
177,2,10065,2,6.0
178,2,10066,2,6.0
179,2,10076,2,6.0
180,2,10077,2,6.0
181,2,10086,2,6.0
182,2,10087,2,6.0
183,2,10088,2,6.0
184,2,10095,2,6.0
185,2,10097,2,6.0
186,2,10098,2,6.0
187,2,10099,2,6.0
188,2,10102,2,6.0
189,2,10103,2,6.0
190,2,10104,2,7.36
191,2,10105,2,6.0
192,2,10108,2,6.0
193,2,10109,2,6.0
194,2,10111,2,5.73
195,2,10113,2,6.0
196,2,10114,2,6.0
197,2,10117,2,6.0
198,2,10118,2,6.0
199,2,10119,2,6.0
200,2,10120,2,6.0
201,2,10122,2,6.0
202,2,10127,2,8.36
203,2,10132,2,6.0
204,2,10136,2,6.0
205,2,10143,2,6.0
206,2,10145,2,6.0
207,2,10146,2,6.0
208,2,10147,2,6.0
209,2,10149,2,6.0
210,2,10150,2,6.0
211,2,10151,2,6.0
212,2,10152,2,6.0
213,2,10161,2,8.27
214,2,10162,2,6.0
215,2,10164,2,6.0
216,2,10272,2,6.0
217,2,10273,2,6.0
218,2,10274,2,6.0
219,2,10275,2,6.0
220,2,10276,2,6.0
221,2,10277,2,7.0
222,2,10278,2,6.0
223,2,10279,2,6.0
224,2,10285,2,6.27
225,2,10288,2,6.0
227,2,10361,2,6.0
228,2,10362,2,6.0
229,2,10370,2,6.0
230,2,10374,2,6.0
231,2,10382,2,6.0
232,2,10400,2,6.0
233,2,10401,2,6.0
234,2,10403,2,6.0
235,2,10404,2,5.09
236,2,10407,2,6.0
237,2,10408,2,6.0
238,2,10411,2,6.0
239,2,10415,2,6.0
240,2,10420,2,6.0
242,2,10425,2,6.0
243,2,10428,2,6.0
244,2,10429,2,6.5
245,2,10433,2,6.0
246,2,10436,2,6.0
247,2,10447,2,6.0
249,2,10449,2,6.0
250,2,10455,2,6.0
251,2,10459,2,6.82
252,2,10461,2,6.0
253,2,10473,2,6.0
254,2,10475,2,6.0
256,2,10622,2,6.0
257,2,11027,2,6.0
258,2,11605,2,6.0
259,2,12497,2,7.0
260,2,12504,2,6.0
261,2,12508,2,6.0
262,2,12593,2,6.0
263,2,12633,2,6.0
264,2,12639,2,6.0
265,2,12641,2,6.45
266,2,12642,2,6.0
268,2,12647,2,6.0
269,2,12649,2,6.0
270,2,12651,2,6.0
271,2,12655,2,6.0
272,2,12660,2,6.0
273,2,12661,2,6.0
274,2,12662,2,6.27
275,2,12669,2,6.0
276,2,12670,2,6.0
277,2,12675,2,6.0
278,2,12676,2,6.0
279,2,12677,2,6.0
280,2,12679,2,6.0
281,2,12682,2,8.0
282,2,12683,2,7.55
283,2,12685,2,6.0
284,2,12688,2,6.0
285,2,12693,2,6.0
286,2,12695,2,6.0
287,2,12716,2,6.0
288,2,12723,2,6.0
289,2,12724,2,6.0
290,2,12732,2,6.0
291,2,12742,2,6.0
292,2,12745,2,7.27
293,2,12751,2,6.0
294,2,12752,2,6.0
295,2,12757,2,6.0
297,2,12759,2,6.0
298,2,12762,2,6.0
299,2,12763,2,6.0
300,2,12765,2,6.0
301,2,12767,2,1.25
302,2,12770,2,6.0
303,2,12771,2,6.0
304,2,12775,2,6.0
305,2,12777,2,8.0
306,2,12790,2,6.0
307,2,12791,2,6.0
308,2,12793,2,6.0
309,2,12800,2,6.0
310,2,12803,2,6.0
311,2,12804,2,6.0
312,2,12811,2,6.0
313,2,12815,2,6.0
314,2,12831,2,6.0
315,2,12835,2,6.0
316,2,12868,2,7.27
317,2,12882,2,6.0
318,2,12885,2,6.0
319,2,12890,2,6.0
320,2,12891,2,6.0
321,2,12892,2,6.0
322,2,12901,2,6.0
323,2,12902,2,4.0
324,2,12909,2,6.0
325,2,12943,2,6.0
327,2,12988,2,6.0
328,2,13049,2,7.0
329,2,13065,2,6.0
330,2,13081,2,6.0
331,2,13097,2,6.55
332,2,13113,2,6.0
333,2,13120,2,6.0
334,2,13121,2,6.0
335,2,13127,2,6.0
336,2,13161,2,6.0
337,2,13162,2,6.0
338,2,13163,2,6.0
339,2,13164,2,6.0
340,2,13165,2,6.0
341,2,13166,2,6.0
342,2,13168,2,6.0
343,2,13172,2,6.0
344,2,13186,2,6.0
345,2,13187,2,5.0
346,2,13192,2,6.0
347,2,13193,2,6.0
348,2,13196,2,6.0
349,2,13209,2,6.0
350,2,13223,2,6.0
351,2,13249,2,6.0
352,2,13251,2,6.0
354,2,13344,2,6.0
355,2,13604,2,8.0
356,2,13626,2,6.0
357,2,13655,2,6.0
358,2,13674,2,7.64
359,2,13677,2,6.0
360,2,13709,2,6.0
361,2,13738,2,6.0
362,2,14065,2,6.0
363,2,14066,2,6.0
365,2,15241,2,6.0
366,2,15243,2,6.0
367,2,15244,2,6.0
368,2,15245,2,6.0
369,2,15286,2,7.45
370,2,15293,2,6.0
371,2,15303,2,6.0
372,2,15304,2,6.0
373,2,15305,2,6.0
374,2,15310,2,6.0
375,2,15311,2,7.09
376,2,15321,2,6.0
377,2,15322,2,6.0
378,2,15323,2,6.0
379,2,15325,2,6.0
380,2,15326,2,6.0
381,2,15330,2,6.5
382,2,15338,2,6.0
383,2,15346,2,6.0
384,2,15348,2,6.0
385,2,15349,2,6.0
386,2,15354,2,6.0
387,2,15359,2,5.0
388,2,15362,2,6.0
389,2,15363,2,5.55
390,2,15364,2,6.0
391,2,15365,2,6.0
392,2,15367,2,6.0
394,2,15374,2,6.0
395,2,15379,2,6.0
396,2,15380,2,5.91
397,2,15381,2,6.0
398,2,15385,2,6.0
400,2,15393,2,6.0
401,2,15396,2,6.0
402,2,15399,2,6.0
403,2,15400,2,6.0
404,2,15401,2,6.0
405,2,15402,2,6.0
406,2,15403,2,6.0
407,2,15405,2,6.0
408,2,15406,2,7.36
409,2,15407,2,6.0
410,2,15410,2,6.0
411,2,15414,2,6.0
412,2,15415,2,7.64
413,2,15417,2,6.0
414,2,15422,2,6.0
415,2,15431,2,6.0
416,2,15432,2,6.0
418,2,15437,2,6.0
419,2,15444,2,6.0
420,2,15449,2,6.0
422,2,15454,2,6.0
423,2,15457,2,6.0
424,2,15458,2,6.0
425,2,15460,2,6.0
427,2,15467,2,6.0
428,2,15469,2,6.0
429,2,15471,2,6.0
430,2,15473,2,6.0
431,2,15481,2,6.0
432,2,15482,2,6.0
433,2,15483,2,6.0
434,2,15485,2,6.0
435,2,15487,2,6.0
436,2,15488,2,6.0
437,2,15494,2,6.0
439,2,15500,2,6.0
440,2,15502,2,6.0
441,2,15504,2,6.0
442,2,15505,2,7.45
443,2,15507,2,6.0
444,2,15509,2,6.0
445,2,15512,2,6.0
446,2,15513,2,6.0
448,2,15516,2,6.64
449,2,15517,2,6.0
450,2,15519,2,6.0
452,2,15524,2,6.0
453,2,15543,2,6.0
454,2,15553,2,6.0
455,2,15554,2,6.0
457,2,15559,2,6.0
458,2,15561,2,6.0
459,2,15566,2,6.0
461,2,15570,2,7.33
463,2,15577,2,6.0
464,2,15579,2,6.0
465,2,15581,2,6.0
466,2,15589,2,6.0
467,2,15591,2,6.0
468,2,15593,2,6.0
469,2,15602,2,6.0
471,2,15617,2,7.0
472,2,15624,2,6.0
473,2,15628,2,6.0
474,2,15630,2,6.0
475,2,15635,2,6.0
476,2,15659,2,6.75
477,2,15660,2,6.0
478,2,15669,2,6.0
479,2,15675,2,6.0
480,2,15683,2,6.0
481,2,15690,2,6.0
482,2,15712,2,6.0
483,2,15722,2,6.0
485,2,15744,2,6.0
486,2,15745,2,6.0
487,2,15746,2,6.0
488,2,15749,2,6.0
489,2,15750,2,6.0
490,2,15759,2,6.0
491,2,15763,2,6.0
492,2,15767,2,6.0
493,2,15768,2,6.0
494,2,15774,2,6.0
495,2,15779,2,6.0
496,2,15781,2,6.0
497,2,15798,2,6.0
499,2,15999,2,6.0
500,2,16000,2,6.0
501,2,16001,2,6.18
502,2,16028,2,6.0
503,2,16030,2,6.0
504,2,16064,2,6.0
505,2,16074,2,6.0
506,2,16079,2,6.0
507,2,16081,2,6.0
508,2,16082,2,6.0
509,2,16083,2,5.27
512,2,16455,2,6.0
514,2,16953,2,6.0
1,3,1,3,0.0
2,3,2,3,8.2
3,3,5,3,0.0
4,3,6,3,0.0
5,3,1108,3,0.0
6,3,1141,3,0.0
7,3,1142,3,6.68
8,3,1143,3,0.0
9,3,1145,3,0.0
10,3,1146,3,0.0
11,3,1147,3,0.0
12,3,1148,3,0.0
13,3,1149,3,9.55
14,3,1150,3,0.0
15,3,1152,3,0.0
16,3,1153,3,0.0
17,3,1156,3,0.0
18,3,1157,3,0.0
19,3,1159,3,0.0
20,3,1160,3,0.0
21,3,1352,3,7.81
22,3,1353,3,0.0
23,3,1354,3,0.0
24,3,1366,3,0.0
26,3,1568,3,6.0
27,3,1776,3,6.0
28,3,1981,3,6.0
29,3,2118,3,6.0
30,3,2132,3,6.0
31,3,2189,3,6.0
32,3,2191,3,6.0
34,3,2200,3,6.0
35,3,2201,3,6.0
36,3,2207,3,6.0
37,3,2208,3,6.0
38,3,2219,3,6.0
39,3,2222,3,6.0
40,3,2224,3,6.07
41,3,2225,3,6.0
42,3,2234,3,6.85
43,3,2235,3,6.0
44,3,2248,3,6.0
45,3,2249,3,6.0
46,3,2250,3,6.0
47,3,2251,3,6.15
48,3,2257,3,6.0
49,3,2644,3,6.0
50,3,3039,3,6.0
51,3,3043,3,6.0
52,3,3049,3,6.0
53,3,3052,3,6.0
55,3,3058,3,6.0
56,3,3093,3,5.61
57,3,3365,3,6.0
58,3,3704,3,6.0
59,3,3920,3,6.0
60,3,3928,3,6.0
61,3,3945,3,6.0
62,3,3953,3,6.0
63,3,3955,3,6.0
64,3,3957,3,5.86
65,3,3962,3,6.0
66,3,3968,3,6.0
67,3,3973,3,6.0
68,3,3976,3,7.76
69,3,3977,3,6.0
70,3,3980,3,6.0
71,3,3984,3,6.0
72,3,3993,3,6.0
73,3,4001,3,6.0
74,3,4002,3,6.0
76,3,4019,3,6.0
77,3,4020,3,6.0
78,3,4034,3,6.0
79,3,4036,3,7.86
80,3,4258,3,6.0
81,3,4263,3,6.0
82,3,4264,3,6.0
83,3,4269,3,6.0
84,3,4270,3,6.0
85,3,4271,3,6.0
86,3,4274,3,6.0
87,3,4280,3,6.0
88,3,4281,3,6.0
89,3,4288,3,6.0
90,3,4316,3,6.0
91,3,4335,3,6.61
92,3,4337,3,6.0
93,3,4340,3,6.0
94,3,4342,3,4.6
95,3,4343,3,6.0
96,3,4346,3,6.0
97,3,4349,3,6.0
98,3,4350,3,6.0
99,3,4352,3,3.3
100,3,4356,3,6.0
101,3,4432,3,6.0
102,3,4442,3,6.0
103,3,4488,3,4.37
104,3,4521,3,6.0
105,3,4688,3,6.0
106,3,5071,3,6.0
107,3,5072,3,6.0
108,3,5073,3,6.0
110,3,5077,3,6.0
111,3,5079,3,6.0
112,3,5081,3,5.0
113,3,5085,3,6.0
114,3,5086,3,6.0
115,3,5087,3,6.0
116,3,5090,3,6.0
117,3,5091,3,6.0
118,3,5092,3,6.0
119,3,5093,3,6.0
120,3,5094,3,6.0
121,3,5095,3,6.0
122,3,5099,3,5.86
124,3,5103,3,6.0
125,3,5108,3,6.0
126,3,5117,3,6.0
127,3,5122,3,6.0
128,3,5123,3,6.0
132,3,5136,3,6.0
133,3,9970,3,6.0
134,3,9971,3,6.0
135,3,9972,3,6.0
136,3,9974,3,6.0
137,3,9985,3,6.0
138,3,9986,3,8.82
139,3,9988,3,6.0
140,3,9991,3,6.0
141,3,9992,3,6.0
142,3,9994,3,6.0
143,3,9995,3,6.0
144,3,9996,3,9.09
145,3,10000,3,6.0
146,3,10003,3,6.0
147,3,10004,3,6.0
148,3,10005,3,6.0
149,3,10006,3,6.0
150,3,10007,3,6.0
152,3,10009,3,6.0
153,3,10010,3,7.36
154,3,10011,3,6.0
155,3,10012,3,6.0
156,3,10013,3,6.0
157,3,10014,3,6.0
158,3,10015,3,6.0
159,3,10016,3,6.0
160,3,10021,3,6.0
161,3,10022,3,6.0
162,3,10028,3,7.5
163,3,10030,3,6.0
164,3,10031,3,6.0
165,3,10033,3,6.0
166,3,10036,3,6.0
167,3,10043,3,6.0
168,3,10044,3,6.0
169,3,10047,3,6.0
170,3,10048,3,6.0
171,3,10049,3,5.0
172,3,10053,3,3.73
173,3,10054,3,6.0
175,3,10061,3,6.0
177,3,10065,3,6.0
178,3,10066,3,6.0
179,3,10076,3,6.0
180,3,10077,3,6.0
181,3,10086,3,6.0
182,3,10087,3,6.0
183,3,10088,3,6.0
185,3,10097,3,6.0
186,3,10098,3,5.05
187,3,10099,3,6.0
188,3,10102,3,6.0
189,3,10103,3,2.0
190,3,10104,3,7.0
191,3,10105,3,6.0
192,3,10108,3,6.0
193,3,10109,3,6.0
194,3,10111,3,6.0
195,3,10113,3,6.0
196,3,10114,3,6.0
197,3,10117,3,6.0
198,3,10118,3,6.0
199,3,10119,3,6.0
200,3,10120,3,6.0
201,3,10122,3,6.0
202,3,10127,3,6.0
203,3,10132,3,3.95
204,3,10136,3,6.0
205,3,10143,3,6.0
206,3,10145,3,6.0
207,3,10146,3,6.0
208,3,10147,3,6.0
209,3,10149,3,6.0
210,3,10150,3,6.0
211,3,10151,3,6.0
212,3,10152,3,5.6
213,3,10161,3,6.0
214,3,10162,3,3.36
215,3,10164,3,6.0
216,3,10272,3,6.0
217,3,10273,3,6.0
218,3,10274,3,6.0
219,3,10275,3,6.0
220,3,10276,3,6.0
221,3,10277,3,5.32
222,3,10278,3,6.0
223,3,10279,3,6.0
224,3,10285,3,6.0
225,3,10288,3,6.0
227,3,10361,3,6.0
228,3,10362,3,6.0
229,3,10370,3,6.0
230,3,10374,3,6.0
231,3,10382,3,6.0
232,3,10400,3,6.0
233,3,10401,3,6.18
234,3,10403,3,6.0
235,3,10404,3,6.0
236,3,10407,3,6.0
237,3,10408,3,6.0
238,3,10411,3,6.0
239,3,10415,3,6.0
240,3,10420,3,6.0
242,3,10425,3,5.36
243,3,10428,3,6.0
244,3,10429,3,6.0
245,3,10433,3,6.0
246,3,10436,3,6.0
249,3,10449,3,2.36
250,3,10455,3,6.0
251,3,10459,3,6.0
252,3,10461,3,6.0
253,3,10473,3,0.0
254,3,10475,3,6.0
256,3,10622,3,6.0
257,3,11027,3,6.0
258,3,11605,3,6.0
259,3,12497,3,6.0
260,3,12504,3,6.0
262,3,12593,3,6.0
263,3,12633,3,6.0
264,3,12639,3,6.0
265,3,12641,3,5.91
266,3,12642,3,6.0
268,3,12647,3,6.0
269,3,12649,3,6.0
270,3,12651,3,6.0
271,3,12655,3,6.0
272,3,12660,3,6.0
273,3,12661,3,6.0
274,3,12662,3,5.0
275,3,12669,3,6.0
276,3,12670,3,6.0
277,3,12675,3,6.0
278,3,12676,3,6.0
279,3,12677,3,6.0
280,3,12679,3,6.0
281,3,12682,3,5.55
282,3,12683,3,6.0
284,3,12688,3,5.73
285,3,12693,3,6.0
286,3,12695,3,6.0
287,3,12716,3,6.0
288,3,12723,3,6.0
289,3,12724,3,6.0
290,3,12732,3,6.0
291,3,12742,3,6.0
292,3,12745,3,6.0
293,3,12751,3,4.86
294,3,12752,3,6.0
295,3,12757,3,6.0
297,3,12759,3,6.0
298,3,12762,3,6.0
299,3,12763,3,6.0
300,3,12765,3,6.0
301,3,12767,3,6.0
302,3,12770,3,6.0
303,3,12771,3,6.0
304,3,12775,3,4.36
305,3,12777,3,6.0
306,3,12790,3,6.0
307,3,12791,3,6.0
308,3,12793,3,6.0
309,3,12800,3,5.0
310,3,12803,3,6.0
311,3,12804,3,6.0
312,3,12811,3,6.0
313,3,12815,3,6.0
314,3,12831,3,6.0
315,3,12835,3,6.0
316,3,12868,3,6.0
317,3,12882,3,6.0
318,3,12885,3,4.23
319,3,12890,3,6.0
320,3,12891,3,6.0
321,3,12892,3,6.0
322,3,12901,3,6.0
323,3,12902,3,6.0
324,3,12909,3,6.0
325,3,12943,3,5.0
327,3,12988,3,6.0
328,3,13049,3,6.0
329,3,13065,3,6.0
330,3,13081,3,6.0
331,3,13097,3,6.0
332,3,13113,3,6.0
333,3,13120,3,6.0
334,3,13121,3,6.0
335,3,13127,3,6.59
336,3,13161,3,6.0
337,3,13162,3,6.0
338,3,13163,3,6.0
339,3,13164,3,6.0
340,3,13165,3,6.0
341,3,13166,3,6.0
342,3,13168,3,6.0
343,3,13172,3,6.0
344,3,13186,3,6.0
345,3,13187,3,6.0
346,3,13192,3,6.0
347,3,13193,3,6.0
348,3,13196,3,6.0
349,3,13209,3,6.0
350,3,13223,3,6.0
351,3,13249,3,5.05
352,3,13251,3,6.0
354,3,13344,3,6.0
355,3,13604,3,6.0
356,3,13626,3,6.0
357,3,13655,3,6.0
359,3,13677,3,6.0
360,3,13709,3,6.0
361,3,13738,3,6.0
362,3,14065,3,6.0
363,3,14066,3,6.0
365,3,15241,3,6.0
366,3,15243,3,6.0
367,3,15244,3,6.0
368,3,15245,3,6.0
369,3,15286,3,6.64
370,3,15293,3,6.0
371,3,15303,3,6.0
372,3,15304,3,6.0
373,3,15305,3,6.0
374,3,15310,3,6.0
375,3,15311,3,6.0
376,3,15321,3,6.0
377,3,15322,3,6.0
378,3,15323,3,6.0
379,3,15325,3,6.0
380,3,15326,3,6.0
381,3,15330,3,2.82
382,3,15338,3,6.0
383,3,15346,3,6.0
384,3,15348,3,6.0
385,3,15349,3,6.0
386,3,15354,3,6.0
387,3,15359,3,6.0
388,3,15362,3,2.73
389,3,15363,3,6.0
390,3,15364,3,6.0
391,3,15365,3,4.82
392,3,15367,3,6.0
394,3,15374,3,6.0
395,3,15379,3,6.0
396,3,15380,3,6.0
397,3,15381,3,6.0
398,3,15385,3,6.0
400,3,15393,3,6.0
401,3,15396,3,6.0
402,3,15399,3,6.0
403,3,15400,3,6.0
404,3,15401,3,6.0
405,3,15402,3,6.0
406,3,15403,3,6.0
407,3,15405,3,6.0
408,3,15406,3,6.0
409,3,15407,3,7.0
410,3,15410,3,6.0
411,3,15414,3,6.0
412,3,15415,3,6.0
413,3,15417,3,6.0
414,3,15422,3,6.0
415,3,15431,3,5.5
416,3,15432,3,6.0
418,3,15437,3,6.0
419,3,15444,3,6.0
420,3,15449,3,6.0
422,3,15454,3,6.0
423,3,15457,3,6.45
424,3,15458,3,6.0
425,3,15460,3,6.0
427,3,15467,3,6.0
428,3,15469,3,6.0
429,3,15471,3,6.0
430,3,15473,3,6.0
431,3,15481,3,6.0
432,3,15482,3,4.91
433,3,15483,3,6.0
434,3,15485,3,6.0
435,3,15487,3,6.0
436,3,15488,3,6.0
437,3,15494,3,3.27
439,3,15500,3,6.0
440,3,15502,3,5.0
441,3,15504,3,6.0
442,3,15505,3,6.0
443,3,15507,3,6.0
444,3,15509,3,6.0
445,3,15512,3,6.0
446,3,15513,3,6.0
448,3,15516,3,6.0
449,3,15517,3,6.0
450,3,15519,3,6.0
452,3,15524,3,6.0
453,3,15543,3,6.0
454,3,15553,3,3.77
455,3,15554,3,6.0
457,3,15559,3,6.0
458,3,15561,3,6.0
459,3,15566,3,6.0
461,3,15570,3,6.0
463,3,15577,3,6.0
464,3,15579,3,6.0
465,3,15581,3,7.18
467,3,15591,3,6.0
469,3,15602,3,6.0
471,3,15617,3,6.0
472,3,15624,3,6.0
473,3,15628,3,6.0
474,3,15630,3,6.0
475,3,15635,3,6.0
476,3,15659,3,6.0
477,3,15660,3,6.0
478,3,15669,3,6.0
479,3,15675,3,7.59
480,3,15683,3,6.0
481,3,15690,3,6.0
482,3,15712,3,6.0
483,3,15722,3,6.0
485,3,15744,3,6.0
486,3,15745,3,6.0
487,3,15746,3,6.0
488,3,15749,3,6.0
489,3,15750,3,6.0
491,3,15763,3,7.55
492,3,15767,3,6.0
493,3,15768,3,6.0
494,3,15774,3,6.0
495,3,15779,3,6.0
496,3,15781,3,6.0
497,3,15798,3,6.0
499,3,15999,3,6.0
500,3,16000,3,6.0
501,3,16001,3,7.64
502,3,16028,3,8.42
503,3,16030,3,6.0
504,3,16064,3,6.0
505,3,16074,3,6.0
506,3,16079,3,6.0
507,3,16081,3,6.0
508,3,16082,3,6.0
509,3,16083,3,6.0
512,3,16455,3,6.0
1,4,1,4,0.0
2,4,2,4,0.0
3,4,5,4,0.0
4,4,6,4,0.0
5,4,1108,4,0.0
6,4,1141,4,0.0
7,4,1142,4,0.0
8,4,1143,4,0.0
9,4,1145,4,0.0
10,4,1146,4,6.15
11,4,1147,4,0.0
12,4,1148,4,0.0
13,4,1149,4,0.0
14,4,1150,4,7.48
15,4,1152,4,0.0
16,4,1153,4,0.0
17,4,1156,4,0.0
18,4,1157,4,0.0
19,4,1159,4,0.0
20,4,1160,4,0.0
21,4,1352,4,0.0
22,4,1353,4,0.0
23,4,1354,4,0.0
24,4,1366,4,5.78
26,4,1568,4,6.0
27,4,1776,4,4.0
28,4,1981,4,3.7
29,4,2118,4,6.0
30,4,2132,4,6.0
31,4,2189,4,6.0
32,4,2191,4,6.0
34,4,2200,4,6.0
35,4,2201,4,5.39
36,4,2207,4,6.0
37,4,2208,4,6.0
38,4,2219,4,4.79
39,4,2222,4,6.0
40,4,2224,4,6.0
41,4,2225,4,6.0
42,4,2234,4,6.0
43,4,2235,4,6.0
44,4,2248,4,6.0
45,4,2249,4,6.0
46,4,2250,4,6.0
47,4,2251,4,4.0
48,4,2257,4,6.0
49,4,2644,4,5.39
50,4,3039,4,6.0
51,4,3043,4,6.0
52,4,3049,4,6.0
53,4,3052,4,6.0
55,4,3058,4,6.0
56,4,3093,4,6.0
57,4,3365,4,3.55
58,4,3704,4,6.0
59,4,3920,4,6.0
60,4,3928,4,6.0
61,4,3945,4,6.0
62,4,3953,4,6.0
63,4,3955,4,6.0
64,4,3957,4,6.0
65,4,3962,4,4.82
66,4,3968,4,6.0
67,4,3973,4,6.0
68,4,3976,4,6.0
69,4,3977,4,6.0
70,4,3980,4,6.0
71,4,3984,4,5.46
72,4,3993,4,6.0
73,4,4001,4,4.0
74,4,4002,4,6.0
76,4,4019,4,6.0
77,4,4020,4,6.0
78,4,4034,4,6.0
79,4,4036,4,6.0
80,4,4258,4,6.0
81,4,4263,4,4.33
82,4,4264,4,6.0
83,4,4269,4,6.0
84,4,4270,4,6.0
85,4,4271,4,5.36
86,4,4274,4,6.0
87,4,4280,4,6.0
88,4,4281,4,6.0
89,4,4288,4,6.0
90,4,4316,4,4.0
91,4,4335,4,6.0
92,4,4337,4,1.83
93,4,4340,4,6.0
94,4,4342,4,6.0
95,4,4343,4,6.0
96,4,4346,4,6.0
97,4,4349,4,6.0
98,4,4350,4,6.0
99,4,4352,4,6.0
100,4,4356,4,2.67
101,4,4432,4,6.0
102,4,4442,4,6.0
103,4,4488,4,2.24
104,4,4521,4,6.0
105,4,4688,4,6.0
106,4,5071,4,6.0
107,4,5072,4,4.54
108,4,5073,4,6.0
110,4,5077,4,6.0
111,4,5079,4,6.0
112,4,5081,4,6.0
113,4,5085,4,6.0
114,4,5086,4,6.0
115,4,5087,4,6.0
116,4,5090,4,6.0
117,4,5091,4,9.66
118,4,5092,4,6.0
119,4,5093,4,6.0
120,4,5094,4,8.34
121,4,5095,4,6.0
122,4,5099,4,6.0
124,4,5103,4,6.0
125,4,5108,4,6.0
126,4,5117,4,6.0
127,4,5122,4,6.0
128,4,5123,4,6.0
132,4,5136,4,8.59
133,4,9970,4,6.45
134,4,9971,4,6.0
135,4,9972,4,6.0
136,4,9974,4,6.0
137,4,9985,4,6.0
138,4,9986,4,6.0
139,4,9988,4,6.0
140,4,9991,4,6.0
141,4,9992,4,6.0
142,4,9994,4,6.0
143,4,9995,4,6.55
144,4,9996,4,6.0
145,4,10000,4,6.0
146,4,10003,4,6.0
147,4,10004,4,6.0
148,4,10005,4,6.0
149,4,10006,4,6.0
150,4,10007,4,6.45
152,4,10009,4,6.0
153,4,10010,4,6.0
154,4,10011,4,6.0
155,4,10012,4,6.0
156,4,10013,4,6.91
157,4,10014,4,6.0
158,4,10015,4,6.0
159,4,10016,4,6.0
160,4,10021,4,6.0
161,4,10022,4,6.0
162,4,10028,4,6.0
163,4,10030,4,6.0
164,4,10031,4,6.0
165,4,10033,4,8.09
166,4,10036,4,6.0
167,4,10043,4,6.0
168,4,10044,4,6.0
169,4,10047,4,6.0
170,4,10048,4,6.0
171,4,10049,4,6.0
172,4,10053,4,6.0
173,4,10054,4,6.0
175,4,10061,4,6.0
177,4,10065,4,6.0
178,4,10066,4,6.0
179,4,10076,4,8.0
180,4,10077,4,6.0
181,4,10086,4,6.0
182,4,10087,4,6.0
183,4,10088,4,6.0
185,4,10097,4,7.73
186,4,10098,4,6.0
187,4,10099,4,6.0
188,4,10102,4,6.0
189,4,10103,4,6.0
190,4,10104,4,6.0
191,4,10105,4,6.0
192,4,10108,4,6.0
193,4,10109,4,6.0
194,4,10111,4,6.0
195,4,10113,4,6.0
196,4,10114,4,6.0
197,4,10117,4,6.0
198,4,10118,4,6.0
199,4,10119,4,6.0
200,4,10120,4,6.0
201,4,10122,4,6.0
202,4,10127,4,8.33
203,4,10132,4,6.0
204,4,10136,4,6.0
205,4,10143,4,6.0
206,4,10145,4,6.0
207,4,10146,4,6.0
208,4,10147,4,6.0
209,4,10149,4,6.0
210,4,10150,4,7.64
211,4,10151,4,6.0
212,4,10152,4,6.0
213,4,10161,4,6.0
215,4,10164,4,6.0
216,4,10272,4,6.0
217,4,10273,4,6.0
218,4,10274,4,6.0
219,4,10275,4,6.0
220,4,10276,4,6.0
221,4,10277,4,7.73
222,4,10278,4,6.0
223,4,10279,4,6.0
224,4,10285,4,6.0
225,4,10288,4,7.64
227,4,10361,4,6.0
228,4,10362,4,6.0
229,4,10370,4,6.0
230,4,10374,4,6.0
231,4,10382,4,6.0
232,4,10400,4,6.0
233,4,10401,4,6.0
234,4,10403,4,6.0
235,4,10404,4,6.0
236,4,10407,4,6.0
237,4,10408,4,6.0
238,4,10411,4,6.0
239,4,10415,4,6.0
240,4,10420,4,7.27
242,4,10425,4,6.0
243,4,10428,4,6.0
244,4,10429,4,6.0
245,4,10433,4,6.45
246,4,10436,4,6.0
249,4,10449,4,6.0
250,4,10455,4,6.0
251,4,10459,4,6.0
252,4,10461,4,6.0
253,4,10473,4,6.0
254,4,10475,4,6.0
256,4,10622,4,6.0
257,4,11027,4,6.0
258,4,11605,4,6.08
259,4,12497,4,6.0
260,4,12504,4,6.0
262,4,12593,4,6.0
263,4,12633,4,6.0
264,4,12639,4,6.0
265,4,12641,4,6.0
266,4,12642,4,6.0
268,4,12647,4,6.0
269,4,12649,4,6.0
270,4,12651,4,6.0
271,4,12655,4,8.0
272,4,12660,4,6.0
273,4,12661,4,6.0
274,4,12662,4,6.0
275,4,12669,4,6.0
276,4,12670,4,8.09
277,4,12675,4,6.0
278,4,12676,4,6.0
279,4,12677,4,6.0
280,4,12679,4,6.0
281,4,12682,4,6.0
282,4,12683,4,6.0
284,4,12688,4,6.0
285,4,12693,4,6.0
286,4,12695,4,6.0
287,4,12716,4,6.0
288,4,12723,4,6.0
289,4,12724,4,6.0
290,4,12732,4,6.0
291,4,12742,4,6.0
292,4,12745,4,6.0
293,4,12751,4,6.0
294,4,12752,4,6.0
295,4,12757,4,6.0
297,4,12759,4,6.0
298,4,12762,4,6.0
299,4,12763,4,6.09
300,4,12765,4,6.0
301,4,12767,4,6.0
302,4,12770,4,6.0
303,4,12771,4,6.0
304,4,12775,4,6.0
305,4,12777,4,7.55
306,4,12790,4,6.0
307,4,12791,4,6.0
308,4,12793,4,6.0
309,4,12800,4,6.0
310,4,12803,4,6.0
311,4,12804,4,6.0
312,4,12811,4,6.0
313,4,12815,4,6.0
314,4,12831,4,6.0
315,4,12835,4,8.33
316,4,12868,4,6.0
317,4,12882,4,6.0
318,4,12885,4,6.0
319,4,12890,4,6.0
320,4,12891,4,6.0
321,4,12892,4,6.0
322,4,12901,4,6.0
323,4,12902,4,6.0
324,4,12909,4,7.27
325,4,12943,4,6.0
327,4,12988,4,6.0
329,4,13065,4,6.0
330,4,13081,4,6.0
331,4,13097,4,6.0
332,4,13113,4,6.0
333,4,13120,4,6.0
334,4,13121,4,6.0
335,4,13127,4,7.91
336,4,13161,4,6.0
337,4,13162,4,6.0
338,4,13163,4,6.0
339,4,13164,4,6.0
340,4,13165,4,6.0
341,4,13166,4,6.0
342,4,13168,4,6.0
343,4,13172,4,6.0
344,4,13186,4,6.0
345,4,13187,4,6.0
346,4,13192,4,6.0
347,4,13193,4,6.0
348,4,13196,4,6.0
349,4,13209,4,6.0
350,4,13223,4,6.09
351,4,13249,4,6.0
352,4,13251,4,6.0
354,4,13344,4,6.0
355,4,13604,4,6.0
356,4,13626,4,6.0
357,4,13655,4,6.0
359,4,13677,4,9.18
360,4,13709,4,6.0
361,4,13738,4,6.0
362,4,14065,4,6.0
363,4,14066,4,6.0
365,4,15241,4,6.0
367,4,15244,4,6.0
368,4,15245,4,6.0
369,4,15286,4,6.0
370,4,15293,4,6.0
371,4,15303,4,6.0
372,4,15304,4,6.0
373,4,15305,4,6.0
374,4,15310,4,6.0
375,4,15311,4,6.0
376,4,15321,4,6.0
377,4,15322,4,5.73
378,4,15323,4,6.0
379,4,15325,4,6.0
380,4,15326,4,6.0
381,4,15330,4,6.0
382,4,15338,4,6.55
383,4,15346,4,6.0
384,4,15348,4,6.0
385,4,15349,4,6.0
386,4,15354,4,6.0
387,4,15359,4,6.0
388,4,15362,4,6.0
389,4,15363,4,6.0
390,4,15364,4,6.0
391,4,15365,4,6.0
392,4,15367,4,0.0
394,4,15374,4,6.73
395,4,15379,4,6.0
396,4,15380,4,0.0
397,4,15381,4,6.0
398,4,15385,4,5.0
400,4,15393,4,5.0
401,4,15396,4,6.0
402,4,15399,4,6.0
403,4,15400,4,6.0
404,4,15401,4,6.0
405,4,15402,4,6.0
406,4,15403,4,6.0
407,4,15405,4,8.1
408,4,15406,4,6.0
409,4,15407,4,6.0
410,4,15410,4,6.0
411,4,15414,4,6.0
412,4,15415,4,6.0
413,4,15417,4,6.0
414,4,15422,4,6.0
415,4,15431,4,6.0
416,4,15432,4,6.0
418,4,15437,4,6.0
419,4,15444,4,6.0
420,4,15449,4,6.0
422,4,15454,4,6.0
423,4,15457,4,6.0
424,4,15458,4,6.0
425,4,15460,4,6.0
427,4,15467,4,6.0
428,4,15469,4,6.0
429,4,15471,4,6.0
430,4,15473,4,6.0
431,4,15481,4,6.0
432,4,15482,4,6.0
433,4,15483,4,6.0
434,4,15485,4,5.55
435,4,15487,4,6.0
436,4,15488,4,6.0
437,4,15494,4,6.0
439,4,15500,4,5.0
440,4,15502,4,6.0
441,4,15504,4,6.0
442,4,15505,4,6.0
443,4,15507,4,6.0
444,4,15509,4,6.0
445,4,15512,4,6.0
446,4,15513,4,6.0
448,4,15516,4,4.82
449,4,15517,4,0.0
450,4,15519,4,6.0
452,4,15524,4,7.2
453,4,15543,4,5.0
454,4,15553,4,6.0
455,4,15554,4,6.0
457,4,15559,4,6.0
458,4,15561,4,6.0
459,4,15566,4,6.0
461,4,15570,4,7.36
463,4,15577,4,6.0
464,4,15579,4,6.0
465,4,15581,4,6.0
467,4,15591,4,6.0
469,4,15602,4,6.0
471,4,15617,4,6.0
472,4,15624,4,6.0
473,4,15628,4,6.0
474,4,15630,4,6.0
475,4,15635,4,1.82
476,4,15659,4,6.0
477,4,15660,4,6.0
478,4,15669,4,6.0
479,4,15675,4,6.0
480,4,15683,4,6.0
481,4,15690,4,6.0
482,4,15712,4,6.0
483,4,15722,4,6.0
485,4,15744,4,6.0
486,4,15745,4,6.0
487,4,15746,4,6.0
488,4,15749,4,6.0
489,4,15750,4,6.0
491,4,15763,4,6.0
492,4,15767,4,6.0
493,4,15768,4,6.0
494,4,15774,4,6.0
495,4,15779,4,4.36
496,4,15781,4,6.0
497,4,15798,4,6.0
499,4,15999,4,6.0
500,4,16000,4,6.0
501,4,16001,4,6.0
502,4,16028,4,6.0
503,4,16030,4,6.0
504,4,16064,4,6.0
505,4,16074,4,6.0
506,4,16079,4,6.0
507,4,16081,4,6.0
508,4,16082,4,6.0
509,4,16083,4,5.64
512,4,16455,4,6.0
1,5,1,5,6.0
2,5,2,5,6.0
3,5,5,5,6.0
4,5,6,5,6.0
5,5,1108,5,6.0
6,5,1141,5,6.0
7,5,1142,5,6.25
8,5,1143,5,6.0
9,5,1145,5,6.0
10,5,1146,5,6.0
11,5,1147,5,6.0
12,5,1148,5,6.0
13,5,1149,5,6.0
14,5,1150,5,6.0
15,5,1152,5,6.0
16,5,1153,5,6.0
17,5,1156,5,6.0
18,5,1157,5,8.53
19,5,1159,5,6.0
20,5,1160,5,6.0
21,5,1352,5,6.0
22,5,1353,5,6.0
23,5,1354,5,6.0
24,5,1366,5,6.0
26,5,1568,5,6.0
27,5,1776,5,6.0
28,5,1981,5,7.03
29,5,2118,5,6.0
30,5,2132,5,7.41
31,5,2189,5,6.0
32,5,2191,5,6.0
34,5,2200,5,6.0
35,5,2201,5,8.45
36,5,2207,5,6.0
37,5,2208,5,6.0
38,5,2219,5,6.0
39,5,2222,5,6.0
40,5,2224,5,7.67
41,5,2225,5,6.0
42,5,2234,5,6.0
43,5,2235,5,6.21
44,5,2248,5,6.0
45,5,2249,5,6.0
46,5,2250,5,6.0
47,5,2251,5,6.0
48,5,2257,5,6.0
49,5,2644,5,6.0
50,5,3039,5,6.0
51,5,3043,5,6.0
52,5,3049,5,6.0
53,5,3052,5,6.13
55,5,3058,5,6.0
56,5,3093,5,6.0
57,5,3365,5,6.0
58,5,3704,5,6.0
59,5,3920,5,6.0
60,5,3928,5,6.0
61,5,3945,5,6.0
62,5,3953,5,6.0
63,5,3955,5,6.0
64,5,3957,5,8.03
65,5,3962,5,6.0
66,5,3968,5,6.0
67,5,3973,5,6.0
68,5,3976,5,6.0
69,5,3977,5,6.0
70,5,3980,5,6.0
71,5,3984,5,7.21
72,5,3993,5,6.0
73,5,4001,5,7.66
74,5,4002,5,6.0
76,5,4019,5,6.0
77,5,4020,5,6.0
78,5,4034,5,6.0
79,5,4036,5,6.0
80,5,4258,5,6.0
81,5,4263,5,6.0
82,5,4264,5,6.0
83,5,4269,5,6.0
84,5,4270,5,6.0
85,5,4271,5,7.14
86,5,4274,5,6.0
87,5,4280,5,6.0
88,5,4281,5,7.03
89,5,4288,5,6.0
90,5,4316,5,6.0
91,5,4335,5,6.0
92,5,4337,5,6.0
93,5,4340,5,6.0
94,5,4342,5,6.0
95,5,4343,5,6.0
96,5,4346,5,6.0
97,5,4349,5,6.9
98,5,4350,5,6.0
99,5,4352,5,6.0
100,5,4356,5,6.0
101,5,4432,5,6.0
102,5,4442,5,6.0
103,5,4488,5,6.0
104,5,4521,5,6.0
105,5,4688,5,6.0
106,5,5071,5,6.0
107,5,5072,5,6.88
108,5,5073,5,6.0
110,5,5077,5,6.0
111,5,5079,5,6.0
112,5,5081,5,6.0
113,5,5085,5,6.0
114,5,5086,5,6.0
115,5,5087,5,6.0
116,5,5090,5,6.0
117,5,5091,5,7.38
118,5,5092,5,7.66
119,5,5093,5,6.0
120,5,5094,5,6.0
121,5,5095,5,6.0
122,5,5099,5,6.0
124,5,5103,5,4.14
125,5,5108,5,6.0
126,5,5117,5,4.0
127,5,5122,5,6.0
128,5,5123,5,6.0
132,5,5136,5,6.0
133,5,9970,5,8.09
134,5,9971,5,6.0
135,5,9972,5,6.0
136,5,9974,5,6.0
137,5,9985,5,6.0
138,5,9986,5,6.0
139,5,9988,5,6.0
140,5,9991,5,6.0
141,5,9992,5,8.8
142,5,9994,5,6.0
143,5,9995,5,6.0
144,5,9996,5,6.0
145,5,10000,5,8.73
146,5,10003,5,6.0
147,5,10004,5,6.0
148,5,10005,5,6.0
149,5,10006,5,6.0
150,5,10007,5,6.0
152,5,10009,5,6.0
153,5,10010,5,6.0
154,5,10011,5,6.0
155,5,10012,5,6.0
156,5,10013,5,9.05
157,5,10014,5,6.0
158,5,10015,5,6.0
159,5,10016,5,6.0
160,5,10021,5,6.0
161,5,10022,5,6.0
162,5,10028,5,6.0
163,5,10030,5,6.0
164,5,10031,5,6.0
165,5,10033,5,6.0
166,5,10036,5,5.33
167,5,10043,5,4.45
168,5,10044,5,6.0
169,5,10047,5,6.0
170,5,10048,5,6.0
171,5,10049,5,6.0
172,5,10053,5,5.73
173,5,10054,5,6.0
175,5,10061,5,6.0
177,5,10065,5,6.0
178,5,10066,5,6.0
179,5,10076,5,6.0
180,5,10077,5,6.0
181,5,10086,5,6.0
182,5,10087,5,6.0
183,5,10088,5,6.0
185,5,10097,5,4.27
186,5,10098,5,6.67
187,5,10099,5,6.0
188,5,10102,5,6.0
189,5,10103,5,6.0
190,5,10104,5,5.95
191,5,10105,5,6.0
192,5,10108,5,6.0
193,5,10109,5,6.0
194,5,10111,5,6.0
195,5,10113,5,6.0
196,5,10114,5,6.0
197,5,10117,5,6.0
198,5,10118,5,6.0
199,5,10119,5,6.0
200,5,10120,5,6.0
201,5,10122,5,6.0
202,5,10127,5,6.0
203,5,10132,5,6.0
204,5,10136,5,6.0
205,5,10143,5,6.0
206,5,10145,5,5.0
207,5,10146,5,6.0
208,5,10147,5,6.0
209,5,10149,5,5.27
210,5,10150,5,6.0
211,5,10151,5,6.0
212,5,10152,5,6.0
213,5,10161,5,6.0
215,5,10164,5,6.0
216,5,10272,5,6.0
217,5,10273,5,6.0
218,5,10274,5,6.0
219,5,10275,5,6.0
220,5,10276,5,6.0
221,5,10277,5,6.0
222,5,10278,5,6.0
223,5,10279,5,6.0
224,5,10285,5,8.27
225,5,10288,5,6.0
227,5,10361,5,6.0
228,5,10362,5,6.0
229,5,10370,5,6.0
230,5,10374,5,6.0
231,5,10382,5,6.0
232,5,10400,5,6.0
233,5,10401,5,6.0
234,5,10403,5,6.0
235,5,10404,5,6.0
236,5,10407,5,8.0
237,5,10408,5,4.73
238,5,10411,5,6.0
239,5,10415,5,6.0
240,5,10420,5,6.0
242,5,10425,5,6.0
243,5,10428,5,6.0
244,5,10429,5,6.0
245,5,10433,5,6.0
246,5,10436,5,6.0
249,5,10449,5,6.64
250,5,10455,5,6.0
251,5,10459,5,6.0
252,5,10461,5,0.0
253,5,10473,5,6.0
254,5,10475,5,6.0
256,5,10622,5,6.0
257,5,11027,5,6.0
258,5,11605,5,6.0
259,5,12497,5,6.0
260,5,12504,5,6.0
262,5,12593,5,0.0
263,5,12633,5,6.0
264,5,12639,5,8.64
265,5,12641,5,6.0
266,5,12642,5,6.0
268,5,12647,5,6.0
269,5,12649,5,6.0
270,5,12651,5,6.0
271,5,12655,5,6.0
272,5,12660,5,6.0
273,5,12661,5,6.0
274,5,12662,5,9.05
275,5,12669,5,6.0
276,5,12670,5,6.0
277,5,12675,5,6.0
278,5,12676,5,6.0
279,5,12677,5,6.0
280,5,12679,5,6.0
281,5,12682,5,0.0
282,5,12683,5,6.0
284,5,12688,5,6.0
285,5,12693,5,6.0
286,5,12695,5,6.0
287,5,12716,5,6.0
288,5,12723,5,0.0
289,5,12724,5,6.0
290,5,12732,5,6.0
291,5,12742,5,6.0
292,5,12745,5,6.0
293,5,12751,5,6.0
294,5,12752,5,6.0
295,5,12757,5,6.0
297,5,12759,5,6.0
298,5,12762,5,6.0
299,5,12763,5,0.0
300,5,12765,5,6.0
301,5,12767,5,6.0
302,5,12770,5,5.0
303,5,12771,5,0.0
304,5,12775,5,0.0
305,5,12777,5,6.0
306,5,12790,5,1.67
307,5,12791,5,6.0
308,5,12793,5,2.0
309,5,12800,5,6.0
310,5,12803,5,5.0
311,5,12804,5,6.0
312,5,12811,5,2.5
313,5,12815,5,3.0
314,5,12831,5,6.0
315,5,12835,5,0.0
316,5,12868,5,6.0
317,5,12882,5,6.0
318,5,12885,5,6.0
319,5,12890,5,0.0
320,5,12891,5,0.0
321,5,12892,5,2.5
322,5,12901,5,6.0
323,5,12902,5,6.0
324,5,12909,5,6.0
325,5,12943,5,6.0
327,5,12988,5,6.0
329,5,13065,5,4.0
330,5,13081,5,6.0
331,5,13097,5,6.0
332,5,13113,5,6.0
333,5,13120,5,5.3
334,5,13121,5,6.0
335,5,13127,5,6.0
336,5,13161,5,6.0
337,5,13162,5,6.0
339,5,13164,5,6.0
340,5,13165,5,6.0
341,5,13166,5,6.0
342,5,13168,5,6.0
343,5,13172,5,0.0
344,5,13186,5,5.0
345,5,13187,5,0.0
346,5,13192,5,0.0
347,5,13193,5,4.8
348,5,13196,5,6.0
349,5,13209,5,6.0
350,5,13223,5,6.0
351,5,13249,5,4.0
352,5,13251,5,6.0
354,5,13344,5,6.0
355,5,13604,5,6.0
356,5,13626,5,6.0
357,5,13655,5,6.0
359,5,13677,5,6.0
360,5,13709,5,6.0
361,5,13738,5,6.0
362,5,14065,5,6.0
363,5,14066,5,5.2
365,5,15241,5,6.0
367,5,15244,5,6.0
368,5,15245,5,6.0
369,5,15286,5,0.0
370,5,15293,5,4.0
371,5,15303,5,6.0
372,5,15304,5,5.0
373,5,15305,5,0.0
374,5,15310,5,0.0
375,5,15311,5,4.0
376,5,15321,5,3.33
377,5,15322,5,6.0
378,5,15323,5,6.0
379,5,15325,5,6.0
380,5,15326,5,0.0
381,5,15330,5,6.0
382,5,15338,5,2.0
383,5,15346,5,6.0
384,5,15348,5,0.0
385,5,15349,5,6.0
386,5,15354,5,0.0
387,5,15359,5,0.0
388,5,15362,5,0.0
389,5,15363,5,4.0
390,5,15364,5,5.0
391,5,15365,5,0.0
392,5,15367,5,6.0
394,5,15374,5,6.0
395,5,15379,5,4.33
396,5,15380,5,4.2
397,5,15381,5,6.0
398,5,15385,5,6.0
400,5,15393,5,6.0
401,5,15396,5,6.0
402,5,15399,5,6.0
403,5,15400,5,6.0
404,5,15401,5,6.0
405,5,15402,5,6.0
406,5,15403,5,6.0
408,5,15406,5,6.0
409,5,15407,5,6.0
410,5,15410,5,7.82
411,5,15414,5,6.0
412,5,15415,5,6.0
413,5,15417,5,6.0
414,5,15422,5,6.0
415,5,15431,5,2.4
416,5,15432,5,6.0
418,5,15437,5,0.0
419,5,15444,5,6.0
420,5,15449,5,6.0
422,5,15454,5,4.0
423,5,15457,5,6.0
424,5,15458,5,6.0
425,5,15460,5,6.0
427,5,15467,5,5.6
428,5,15469,5,2.83
429,5,15471,5,6.0
430,5,15473,5,6.0
431,5,15481,5,6.0
432,5,15482,5,6.0
433,5,15483,5,6.0
434,5,15485,5,6.0
435,5,15487,5,6.0
436,5,15488,5,6.0
437,5,15494,5,6.0
439,5,15500,5,5.3
440,5,15502,5,6.0
441,5,15504,5,6.0
442,5,15505,5,6.0
443,5,15507,5,6.0
444,5,15509,5,6.0
446,5,15513,5,6.0
448,5,15516,5,6.0
449,5,15517,5,8.6
450,5,15519,5,6.0
453,5,15543,5,6.0
454,5,15553,5,6.0
455,5,15554,5,6.0
457,5,15559,5,6.0
458,5,15561,5,6.0
459,5,15566,5,6.0
461,5,15570,5,6.0
463,5,15577,5,6.0
464,5,15579,5,9.3
465,5,15581,5,6.0
467,5,15591,5,6.0
469,5,15602,5,6.0
471,5,15617,5,6.0
472,5,15624,5,6.0
473,5,15628,5,6.0
474,5,15630,5,6.0
475,5,15635,5,6.0
476,5,15659,5,6.0
477,5,15660,5,6.0
478,5,15669,5,6.0
479,5,15675,5,8.09
480,5,15683,5,6.0
481,5,15690,5,6.0
482,5,15712,5,6.0
483,5,15722,5,6.0
485,5,15744,5,6.0
486,5,15745,5,6.0
487,5,15746,5,6.0
488,5,15749,5,6.0
489,5,15750,5,6.0
491,5,15763,5,6.0
492,5,15767,5,6.0
493,5,15768,5,8.9
494,5,15774,5,6.0
495,5,15779,5,6.0
496,5,15781,5,6.0
497,5,15798,5,6.0
499,5,15999,5,6.0
500,5,16000,5,6.0
501,5,16001,5,6.0
502,5,16028,5,6.0
503,5,16030,5,6.0
504,5,16064,5,6.0
505,5,16074,5,6.0
506,5,16079,5,6.0
507,5,16081,5,6.0
508,5,16082,5,6.0
509,5,16083,5,6.0
512,5,16455,5,6.5
1,6,1,6,3.42
2,6,2,6,6.0
3,6,5,6,6.0
4,6,6,6,6.0
5,6,1108,6,5.62
6,6,1141,6,6.0
7,6,1142,6,4.24
8,6,1143,6,6.0
9,6,1145,6,6.0
10,6,1146,6,4.0
11,6,1147,6,6.0
12,6,1148,6,6.0
13,6,1149,6,6.0
14,6,1150,6,6.0
15,6,1152,6,6.0
16,6,1153,6,6.0
17,6,1156,6,6.0
18,6,1157,6,6.0
19,6,1159,6,5.16
20,6,1160,6,6.0
21,6,1352,6,6.0
22,6,1353,6,6.0
23,6,1354,6,6.0
24,6,1366,6,7.86
26,6,1568,6,6.0
27,6,1776,6,6.0
28,6,1981,6,6.0
29,6,2118,6,6.0
30,6,2132,6,6.0
31,6,2189,6,6.0
32,6,2191,6,6.0
34,6,2200,6,6.0
35,6,2201,6,6.0
36,6,2207,6,8.19
37,6,2208,6,6.0
38,6,2219,6,6.0
39,6,2222,6,6.0
40,6,2224,6,7.28
41,6,2225,6,6.0
42,6,2234,6,6.0
43,6,2235,6,6.0
44,6,2248,6,6.0
45,6,2249,6,6.0
46,6,2250,6,6.0
47,6,2251,6,6.52
48,6,2257,6,6.0
49,6,2644,6,7.41
50,6,3039,6,6.0
51,6,3043,6,6.0
52,6,3049,6,6.0
53,6,3052,6,6.0
55,6,3058,6,6.0
56,6,3093,6,6.0
57,6,3365,6,6.0
58,6,3704,6,6.0
59,6,3920,6,6.0
60,6,3928,6,7.13
61,6,3945,6,6.0
62,6,3953,6,6.0
63,6,3955,6,6.0
64,6,3957,6,6.0
65,6,3962,6,6.0
66,6,3968,6,6.0
67,6,3973,6,6.28
68,6,3976,6,6.0
69,6,3977,6,6.0
70,6,3980,6,6.0
71,6,3984,6,6.0
72,6,3993,6,6.0
73,6,4001,6,6.0
74,6,4002,6,6.0
76,6,4019,6,6.0
77,6,4020,6,6.0
78,6,4034,6,6.0
79,6,4036,6,6.88
80,6,4258,6,6.0
81,6,4263,6,6.0
82,6,4264,6,6.0
83,6,4269,6,4.06
84,6,4270,6,5.0
85,6,4271,6,6.0
86,6,4274,6,6.0
87,6,4280,6,6.0
88,6,4281,6,6.0
89,6,4288,6,3.24
90,6,4316,6,6.0
91,6,4335,6,6.0
92,6,4337,6,6.0
93,6,4340,6,6.0
94,6,4342,6,2.43
95,6,4343,6,6.0
96,6,4346,6,6.0
97,6,4349,6,6.0
98,6,4350,6,6.0
99,6,4352,6,5.22
100,6,4356,6,6.0
101,6,4432,6,6.0
102,6,4442,6,6.0
103,6,4488,6,4.14
104,6,4521,6,6.0
105,6,4688,6,6.0
106,6,5071,6,6.0
107,6,5072,6,6.0
108,6,5073,6,6.0
110,6,5077,6,6.0
111,6,5079,6,5.1
112,6,5081,6,5.97
113,6,5085,6,6.0
114,6,5086,6,6.0
115,6,5087,6,6.0
116,6,5090,6,6.0
117,6,5091,6,6.0
118,6,5092,6,6.0
119,6,5093,6,6.0
120,6,5094,6,6.0
121,6,5095,6,6.0
122,6,5099,6,6.0
124,6,5103,6,6.0
125,6,5108,6,6.41
126,6,5117,6,6.0
127,6,5122,6,6.0
128,6,5123,6,6.0
132,6,5136,6,6.0
133,6,9970,6,6.0
134,6,9971,6,6.0
135,6,9972,6,6.0
136,6,9974,6,6.0
137,6,9985,6,6.0
138,6,9986,6,6.0
139,6,9988,6,6.0
140,6,9991,6,6.0
141,6,9992,6,6.0
142,6,9994,6,6.0
143,6,9995,6,6.0
144,6,9996,6,6.0
145,6,10000,6,6.0
146,6,10003,6,5.92
147,6,10004,6,6.0
148,6,10005,6,6.0
149,6,10006,6,6.0
150,6,10007,6,6.0
152,6,10009,6,6.0
153,6,10010,6,6.0
154,6,10011,6,6.0
155,6,10012,6,7.25
156,6,10013,6,6.0
157,6,10014,6,6.0
158,6,10015,6,6.0
159,6,10016,6,6.0
160,6,10021,6,6.0
161,6,10022,6,6.0
162,6,10028,6,6.0
163,6,10030,6,6.0
164,6,10031,6,6.83
165,6,10033,6,6.0
166,6,10036,6,6.0
167,6,10043,6,6.0
168,6,10044,6,6.0
169,6,10047,6,6.0
170,6,10048,6,6.0
171,6,10049,6,6.0
172,6,10053,6,6.0
173,6,10054,6,6.0
175,6,10061,6,6.0
177,6,10065,6,6.0
178,6,10066,6,6.0
179,6,10076,6,7.08
180,6,10077,6,6.0
181,6,10086,6,6.0
182,6,10087,6,6.0
183,6,10088,6,6.0
185,6,10097,6,6.0
186,6,10098,6,6.0
187,6,10099,6,6.0
188,6,10102,6,6.0
189,6,10103,6,6.0
190,6,10104,6,8.0
191,6,10105,6,6.0
192,6,10108,6,6.0
193,6,10109,6,6.0
194,6,10111,6,6.0
195,6,10113,6,8.5
196,6,10114,6,6.0
197,6,10117,6,6.0
198,6,10118,6,6.0
199,6,10119,6,6.0
200,6,10120,6,6.0
201,6,10122,6,6.0
202,6,10127,6,6.0
203,6,10132,6,6.0
204,6,10136,6,6.0
205,6,10143,6,6.0
206,6,10145,6,6.0
207,6,10146,6,6.0
208,6,10147,6,6.0
209,6,10149,6,6.0
210,6,10150,6,8.25
211,6,10151,6,6.0
212,6,10152,6,6.0
213,6,10161,6,6.0
215,6,10164,6,6.0
216,6,10272,6,6.0
217,6,10273,6,6.0
218,6,10274,6,9.08
219,6,10275,6,6.0
220,6,10276,6,6.0
221,6,10277,6,6.0
222,6,10278,6,6.0
223,6,10279,6,6.0
224,6,10285,6,6.0
225,6,10288,6,6.0
227,6,10361,6,6.0
228,6,10362,6,6.0
229,6,10370,6,6.0
230,6,10374,6,8.75
231,6,10382,6,6.0
232,6,10400,6,6.0
233,6,10401,6,6.0
234,6,10403,6,6.0
235,6,10404,6,6.0
236,6,10407,6,6.0
237,6,10408,6,6.0
238,6,10411,6,6.0
239,6,10415,6,6.0
240,6,10420,6,9.08
242,6,10425,6,6.0
243,6,10428,6,6.0
244,6,10429,6,6.0
245,6,10433,6,6.0
246,6,10436,6,6.0
249,6,10449,6,6.0
250,6,10455,6,6.0
251,6,10459,6,6.0
252,6,10461,6,6.0
253,6,10473,6,8.08
254,6,10475,6,6.0
256,6,10622,6,6.0
257,6,11027,6,6.0
258,6,11605,6,6.0
259,6,12497,6,6.0
260,6,12504,6,6.0
262,6,12593,6,7.25
263,6,12633,6,6.0
264,6,12639,6,6.0
265,6,12641,6,6.0
266,6,12642,6,6.0
268,6,12647,6,6.0
269,6,12649,6,6.0
270,6,12651,6,6.0
271,6,12655,6,6.0
272,6,12660,6,6.0
273,6,12661,6,6.0
274,6,12662,6,6.0
275,6,12669,6,6.0
276,6,12670,6,6.0
277,6,12675,6,6.0
278,6,12676,6,6.0
279,6,12677,6,8.46
280,6,12679,6,6.0
281,6,12682,6,6.0
282,6,12683,6,6.0
284,6,12688,6,6.0
285,6,12693,6,6.0
286,6,12695,6,6.0
287,6,12716,6,6.0
288,6,12723,6,6.0
289,6,12724,6,6.0
290,6,12732,6,6.0
291,6,12742,6,6.0
292,6,12745,6,6.0
293,6,12751,6,6.17
294,6,12752,6,6.0
295,6,12757,6,6.0
297,6,12759,6,6.0
298,6,12762,6,6.0
299,6,12763,6,6.0
300,6,12765,6,5.77
301,6,12767,6,6.0
302,6,12770,6,6.0
303,6,12771,6,6.0
304,6,12775,6,6.0
305,6,12777,6,6.0
306,6,12790,6,6.0
307,6,12791,6,6.0
308,6,12793,6,6.0
309,6,12800,6,6.0
310,6,12803,6,6.0
311,6,12804,6,6.0
312,6,12811,6,6.0
313,6,12815,6,6.0
314,6,12831,6,6.0
315,6,12835,6,6.0
316,6,12868,6,6.0
317,6,12882,6,6.0
318,6,12885,6,6.0
319,6,12890,6,6.17
320,6,12891,6,6.0
321,6,12892,6,6.0
322,6,12901,6,6.0
323,6,12902,6,6.0
324,6,12909,6,6.0
325,6,12943,6,6.0
327,6,12988,6,6.0
329,6,13065,6,6.0
330,6,13081,6,6.0
331,6,13097,6,6.0
332,6,13113,6,6.0
333,6,13120,6,6.0
334,6,13121,6,6.0
335,6,13127,6,6.0
336,6,13161,6,6.0
337,6,13162,6,6.0
339,6,13164,6,6.0
340,6,13165,6,7.42
341,6,13166,6,6.0
342,6,13168,6,6.0
343,6,13172,6,6.0
344,6,13186,6,6.0
345,6,13187,6,6.0
346,6,13192,6,6.0
347,6,13193,6,6.0
348,6,13196,6,6.0
349,6,13209,6,6.0
350,6,13223,6,5.67
351,6,13249,6,6.0
352,6,13251,6,7.33
354,6,13344,6,6.0
355,6,13604,6,6.0
356,6,13626,6,6.0
357,6,13655,6,6.0
359,6,13677,6,6.0
360,6,13709,6,6.0
361,6,13738,6,6.0
362,6,14065,6,6.0
363,6,14066,6,6.0
365,6,15241,6,6.0
367,6,15244,6,6.0
368,6,15245,6,6.0
369,6,15286,6,6.0
370,6,15293,6,6.0
371,6,15303,6,6.0
372,6,15304,6,6.0
373,6,15305,6,6.0
374,6,15310,6,6.0
375,6,15311,6,6.0
376,6,15321,6,6.0
377,6,15322,6,7.58
378,6,15323,6,6.0
379,6,15325,6,6.0
380,6,15326,6,6.0
381,6,15330,6,6.0
382,6,15338,6,6.0
383,6,15346,6,6.0
384,6,15348,6,6.0
385,6,15349,6,6.0
386,6,15354,6,7.0
387,6,15359,6,6.0
388,6,15362,6,6.0
389,6,15363,6,6.0
390,6,15364,6,6.0
391,6,15365,6,6.0
392,6,15367,6,6.0
394,6,15374,6,6.0
395,6,15379,6,6.0
396,6,15380,6,9.08
397,6,15381,6,6.0
398,6,15385,6,6.0
400,6,15393,6,6.0
401,6,15396,6,6.0
402,6,15399,6,6.0
403,6,15400,6,0.0
404,6,15401,6,6.0
405,6,15402,6,6.0
406,6,15403,6,6.0
408,6,15406,6,6.0
409,6,15407,6,8.4
410,6,15410,6,6.0
411,6,15414,6,8.9
412,6,15415,6,6.0
413,6,15417,6,10.0
414,6,15422,6,6.0
415,6,15431,6,6.0
416,6,15432,6,6.0
418,6,15437,6,6.0
419,6,15444,6,6.0
420,6,15449,6,6.0
422,6,15454,6,6.0
423,6,15457,6,6.0
424,6,15458,6,6.0
425,6,15460,6,6.0
427,6,15467,6,9.4
428,6,15469,6,6.0
429,6,15471,6,7.29
430,6,15473,6,6.0
431,6,15481,6,6.0
432,6,15482,6,6.0
433,6,15483,6,6.0
434,6,15485,6,6.0
435,6,15487,6,6.0
436,6,15488,6,6.0
437,6,15494,6,6.0
439,6,15500,6,6.0
440,6,15502,6,4.79
441,6,15504,6,6.0
442,6,15505,6,6.0
443,6,15507,6,6.0
444,6,15509,6,6.0
446,6,15513,6,6.0
448,6,15516,6,6.0
449,6,15517,6,6.0
450,6,15519,6,6.0
453,6,15543,6,7.83
454,6,15553,6,6.0
455,6,15554,6,6.0
457,6,15559,6,6.0
458,6,15561,6,6.0
461,6,15570,6,6.0
463,6,15577,6,6.0
464,6,15579,6,6.0
465,6,15581,6,6.0
467,6,15591,6,6.0
469,6,15602,6,6.0
471,6,15617,6,6.0
472,6,15624,6,6.0
473,6,15628,6,6.0
474,6,15630,6,8.38
475,6,15635,6,6.0
476,6,15659,6,6.0
477,6,15660,6,6.0
478,6,15669,6,6.0
479,6,15675,6,6.0
480,6,15683,6,6.0
481,6,15690,6,6.0
482,6,15712,6,6.0
483,6,15722,6,7.17
485,6,15744,6,6.0
486,6,15745,6,6.0
487,6,15746,6,6.0
488,6,15749,6,6.0
489,6,15750,6,6.79
491,6,15763,6,6.0
492,6,15767,6,6.0
493,6,15768,6,6.0
494,6,15774,6,6.0
495,6,15779,6,6.0
496,6,15781,6,6.0
497,6,15798,6,6.0
499,6,15999,6,6.0
500,6,16000,6,6.0
501,6,16001,6,6.0
502,6,16028,6,9.1
503,6,16030,6,6.0
504,6,16064,6,6.0
505,6,16074,6,7.75
506,6,16079,6,6.0
507,6,16081,6,6.0
508,6,16082,6,6.0
509,6,16083,6,6.0
512,6,16455,6,6.0
1,7,1,7,6.0
2,7,2,7,6.0
3,7,5,7,6.0
4,7,6,7,6.0
5,7,1108,7,6.0
6,7,1141,7,5.79
7,7,1142,7,6.0
8,7,1143,7,6.0
9,7,1145,7,6.0
10,7,1146,7,6.0
11,7,1147,7,6.0
12,7,1148,7,6.0
13,7,1149,7,6.0
14,7,1150,7,6.0
15,7,1152,7,5.03
16,7,1153,7,6.0
17,7,1156,7,6.0
18,7,1157,7,6.0
19,7,1159,7,6.0
20,7,1160,7,6.0
21,7,1352,7,4.46
22,7,1353,7,6.0
23,7,1354,7,6.0
24,7,1366,7,6.0
26,7,1568,7,5.85
27,7,1776,7,6.0
28,7,1981,7,6.0
29,7,2118,7,6.0
30,7,2132,7,6.0
31,7,2189,7,6.0
32,7,2191,7,6.27
34,7,2200,7,6.0
35,7,2201,7,6.0
36,7,2207,7,6.0
37,7,2208,7,6.0
38,7,2219,7,6.0
39,7,2222,7,6.0
40,7,2224,7,6.71
41,7,2225,7,6.0
42,7,2234,7,6.0
43,7,2235,7,6.0
44,7,2248,7,6.0
45,7,2249,7,6.0
46,7,2250,7,6.0
47,7,2251,7,6.0
48,7,2257,7,6.0
49,7,2644,7,6.03
50,7,3039,7,6.0
51,7,3043,7,6.0
52,7,3049,7,6.0
53,7,3052,7,6.0
55,7,3058,7,6.18
56,7,3093,7,6.0
57,7,3365,7,6.0
58,7,3704,7,6.0
59,7,3920,7,6.0
60,7,3928,7,6.0
61,7,3945,7,6.0
62,7,3953,7,6.0
63,7,3955,7,5.89
64,7,3957,7,6.0
65,7,3962,7,6.0
66,7,3968,7,5.33
67,7,3973,7,6.0
68,7,3976,7,6.0
69,7,3977,7,6.0
70,7,3980,7,6.0
71,7,3984,7,6.0
72,7,3993,7,6.0
73,7,4001,7,6.0
74,7,4002,7,5.89
76,7,4019,7,6.0
77,7,4020,7,6.0
78,7,4034,7,6.0
79,7,4036,7,6.0
80,7,4258,7,6.52
81,7,4263,7,6.0
82,7,4264,7,6.0
83,7,4269,7,6.0
84,7,4270,7,6.0
85,7,4271,7,6.0
86,7,4274,7,6.0
87,7,4280,7,5.75
88,7,4281,7,6.0
89,7,4288,7,6.0
90,7,4316,7,6.0
91,7,4335,7,6.0
92,7,4337,7,6.0
93,7,4340,7,4.7
94,7,4342,7,6.0
95,7,4343,7,6.0
96,7,4346,7,6.0
97,7,4349,7,6.0
98,7,4350,7,6.0
99,7,4352,7,6.0
100,7,4356,7,4.39
101,7,4432,7,6.0
102,7,4442,7,6.0
103,7,4488,7,6.0
104,7,4521,7,6.0
105,7,4688,7,6.0
106,7,5071,7,6.0
107,7,5072,7,6.0
108,7,5073,7,6.0
110,7,5077,7,6.0
111,7,5079,7,8.06
112,7,5081,7,6.0
113,7,5085,7,6.0
114,7,5086,7,6.0
115,7,5087,7,6.0
116,7,5090,7,6.0
117,7,5091,7,6.0
118,7,5092,7,6.0
119,7,5093,7,6.0
120,7,5094,7,7.75
121,7,5095,7,6.0
122,7,5099,7,6.0
124,7,5103,7,6.0
125,7,5108,7,6.0
126,7,5117,7,6.0
127,7,5122,7,5.18
128,7,5123,7,6.0
132,7,5136,7,6.0
1,8,1,8,8.64
2,8,2,8,6.0
3,8,5,8,6.0
4,8,6,8,6.0
5,8,1108,8,6.0
6,8,1141,8,6.0
7,8,1142,8,8.68
8,8,1143,8,6.0
9,8,1145,8,6.0
10,8,1146,8,6.0
11,8,1147,8,6.0
12,8,1148,8,6.0
13,8,1149,8,6.0
14,8,1150,8,6.0
15,8,1152,8,6.0
16,8,1153,8,6.0
17,8,1156,8,6.0
18,8,1157,8,6.0
19,8,1159,8,9.18
20,8,1160,8,6.0
21,8,1352,8,6.0
22,8,1353,8,6.0
23,8,1354,8,6.0
24,8,1366,8,6.0
26,8,1568,8,6.0
27,8,1776,8,8.82
28,8,1981,8,6.0
29,8,2118,8,6.0
30,8,2132,8,6.0
31,8,2189,8,6.0
32,8,2191,8,6.0
34,8,2200,8,6.0
35,8,2201,8,6.0
36,8,2207,8,5.73
37,8,2208,8,6.0
38,8,2219,8,6.0
39,8,2222,8,6.0
40,8,2224,8,6.0
41,8,2225,8,5.0
42,8,2234,8,6.0
43,8,2235,8,6.0
44,8,2248,8,6.0
45,8,2249,8,6.0
46,8,2250,8,5.0
47,8,2251,8,7.91
48,8,2257,8,6.0
49,8,2644,8,6.0
50,8,3039,8,6.0
51,8,3043,8,6.0
52,8,3049,8,6.0
53,8,3052,8,6.0
55,8,3058,8,6.0
56,8,3093,8,6.0
57,8,3365,8,6.0
58,8,3704,8,6.0
59,8,3920,8,6.0
60,8,3928,8,7.82
61,8,3945,8,6.0
62,8,3953,8,6.0
63,8,3955,8,6.0
64,8,3957,8,6.0
65,8,3962,8,6.0
66,8,3968,8,6.0
67,8,3973,8,5.36
68,8,3976,8,6.0
69,8,3977,8,6.0
70,8,3980,8,6.0
71,8,3984,8,6.0
72,8,3993,8,6.0
73,8,4001,8,6.0
74,8,4002,8,6.0
76,8,4019,8,5.0
77,8,4020,8,6.0
78,8,4034,8,6.0
79,8,4036,8,6.0
80,8,4258,8,6.0
81,8,4263,8,5.0
82,8,4264,8,6.0
83,8,4269,8,6.0
84,8,4270,8,6.0
85,8,4271,8,6.0
86,8,4274,8,6.0
87,8,4280,8,6.0
88,8,4281,8,7.18
89,8,4288,8,6.0
90,8,4316,8,6.0
91,8,4335,8,6.0
92,8,4337,8,6.0
93,8,4340,8,6.0
94,8,4342,8,6.0
95,8,4343,8,6.0
96,8,4346,8,6.0
97,8,4349,8,6.0
98,8,4350,8,6.0
99,8,4352,8,7.59
100,8,4356,8,6.0
101,8,4432,8,6.0
102,8,4442,8,7.36
103,8,4488,8,6.0
104,8,4521,8,6.0
105,8,4688,8,6.0
106,8,5071,8,6.0
107,8,5072,8,6.0
108,8,5073,8,6.0
110,8,5077,8,6.0
111,8,5079,8,7.59
112,8,5081,8,6.0
113,8,5085,8,6.0
114,8,5086,8,6.0
115,8,5087,8,6.0
116,8,5090,8,6.0
117,8,5091,8,6.0
118,8,5092,8,6.0
119,8,5093,8,6.0
120,8,5094,8,6.0
121,8,5095,8,6.0
122,8,5099,8,6.0
124,8,5103,8,6.45
125,8,5108,8,6.0
126,8,5117,8,6.0
127,8,5122,8,6.0
128,8,5123,8,6.0
132,8,5136,8,6.0
